pret,descriere,link
3399,"Laptop 2 in 1 ASUS VivoBook Flip TM420UA cu procesor AMD Ryzen™ 5 5500U pana la 4.0GHz, 14"", Full HD, 8GB, 512GB SSD, Radeon™ Graphics 7, Windows 10 Home, Bespoke Black",https://www.emag.ro/laptop-2-in-1-asus-vivobook-flip-tm420ua-cu-procesor-amd-ryzentm-5-5500u-pana-la-4-0ghz-14-full-hd-8gb-512gb-ssd-radeontm-graphics-7-windows-10-home-bespoke-black-tm420ua-ec004t/pd/D8SWBXMBM/
1899,"Laptop HP 250 G8 cu procesor Intel Core i3-1005G1, 15.6"", HD, 4GB, 256GB SSD, Intel UHD Graphics, Free DOS, Grey",https://www.emag.ro/laptop-hp-250-g8-cu-procesor-intel-core-i3-1005g1-15-6-hd-4gb-256gb-ssd-intel-uhd-graphics-free-dos-grey-2e9g9ea/pd/D4Y8KHMBM/
6999,"Laptop Gaming ASUS ROG Flow X13 GV301QE cu procesor AMD Ryzen™ 9 5900HS, 13.4"", WUXGA, 120Hz, 16GB, 1TB SSD, NVIDIA® GeForce RTX™ 3050 Ti 4GB, No OS, Off Black",https://www.emag.ro/laptop-gaming-asus-rog-flow-x13-gv301qe-cu-procesor-amd-ryzentm-9-5900hs-13-4-wuxga-120hz-16gb-1tb-ssd-nvidiar-geforce-rtxtm-3050-ti-4gb-no-os-off-black-gv301qe-k6008/pd/D6QJNHMBM/
1749,"Laptop ASUS X515EA cu procesor Intel® Core™ i3-1115G4 pana la 4.10GHz, 15.6"", Full HD, 8GB, 256GB SSD, Intel® UHD Graphics, No OS, Slate Grey",https://www.emag.ro/laptop-asus-x515ea-cu-procesor-intelr-coretm-i3-1115g4-pana-la-4-10ghz-15-6-full-hd-8gb-256gb-ssd-intelr-uhd-graphics-no-os-slate-grey-x515ea-bq1104/pd/DGSWBXMBM/
2299,"Laptop ultraportabil ASUS VivoBook 14 X413FA cu procesor Intel® Core™ i3-10110U, 14"", Full HD, 8GB, 512GB SSD, Intel® UHD Graphics, No Os, Black",https://www.emag.ro/laptop-ultraportabil-asus-vivobook-14-x413fa-cu-procesor-intelr-coretm-i3-10110u-14-full-hd-8gb-512gb-ssd-intelr-uhd-graphics-no-os-black-x413fa-eb858/pd/DN5Z9HMBM/
3599,"Laptop Gaming Lenovo IdeaPad 3 15ARH05 cu procesor AMD Ryzen 7 4800H, 15.6"", Full HD, 120 Hz, 8GB, 512GB SSD, NVIDIA GeForce GTX 1650 Ti 4GB, No OS, Onyx Black",https://www.emag.ro/laptop-gaming-lenovo-ideapad-3-15arh05-cu-procesor-amd-ryzen-7-4800h-15-6-full-hd-120-hz-8gb-512gb-ssd-nvidia-geforce-gtx-1650-ti-4gb-no-os-onyx-black-82ey00vgrm/pd/DC27THMBM/
4299,"Laptop Gaming ASUS TUF Dash F15 FX516PC cu procesor Intel® Core™ i5-11300H pana la 4.40 GHz, 15.6"", Full HD, 144Hz, 8GB, 1TB SSD, NVIDIA® GeForce RTX™ 3050 4GB, Free DOS, Eclipse Gray",https://www.emag.ro/laptop-gaming-asus-tuf-dash-f15-fx516pc-cu-procesor-intelr-coretm-i5-11300h-pana-la-4-40-ghz-15-6-full-hd-144hz-8gb-1tb-ssd-nvidiar-geforce-rtxtm-3050-4gb-free-dos-eclipse-gray-fx516pc-hn008/pd/D294D0MBM/
1799,"Laptop Lenovo IdeaPad 3 14ADA05 cu procesor AMD Ryzen 5 3500U, 14"", Full HD, 8GB, 512GB SSD, AMD Radeon Vega 8 Graphics, Free DOS, Platinum Grey",https://www.emag.ro/laptop-lenovo-ideapad-3-14ada05-cu-procesor-amd-ryzen-5-3500u-14-full-hd-8gb-512gb-ssd-amd-radeon-vega-8-graphics-free-dos-platinum-grey-81w000m1pb/pd/DSJ1NPMBM/
3399,"Laptop ASUS K513EA cu procesor Intel® Core™ i7-1165G7, 15.6"", Full HD, 8GB, 512GB SSD, Intel® UHD Graphics, No OS, Indie Black",https://www.emag.ro/laptop-asus-k513ea-cu-procesor-intelr-coretm-i7-1165g7-15-6-full-hd-8gb-512gb-ssd-intelr-uhd-graphics-no-os-indie-black-k513ea-bn2230/pd/DBS5ZPMBM/
4899,"Laptop Apple MacBook Air 13-inch, True Tone, procesor Apple M1 , 8 nuclee CPU si 7 nuclee GPU, 8GB, 256GB, Space Grey, INT KB",https://www.emag.ro/laptop-apple-macbook-air-13-inch-true-tone-procesor-apple-m1-8-nuclee-cpu-si-7-nuclee-gpu-8gb-256gb-space-grey-int-kb-mgn63ze-a/pd/DQ5BL7MBM/
2499,"Lenovo ThinkBook 15 G2 ARE cu procesor AMD Ryzen 3 4300U pana la 3.70 GHz, 15.6"", Full HD, 8GB, 256GB SSD, AMD Radeon Grahics, Free DOS, Mineral Grey",https://www.emag.ro/lenovo-thinkbook-15-g2-are-cu-procesor-amd-ryzen-3-4300u-pana-la-3-70-ghz-15-6-full-hd-8gb-256gb-ssd-amd-radeon-grahics-free-dos-mineral-grey-20vg006crm/pd/DGK6G7MBM/
3999,"Laptop Gaming ASUS ROG Strix G15 G513IH cu procesor AMD Ryzen™ 7 4800H, 15.6"", Full HD, 144Hz, 16GB, 512GB SSD, NVIDIA® GeForce GTX™ 1650 4GB, No OS, Eclipse Gray",https://www.emag.ro/laptop-gaming-asus-rog-strix-g15-g513ih-cu-procesor-amd-ryzentm-7-4800h-15-6-full-hd-144hz-16gb-512gb-ssd-nvidiar-geforce-gtxtm-1650-4gb-no-os-eclipse-gray-g513ih-hn008/pd/D3T68HMBM/
1499,"Laptop Lenovo V15 ADA cu procesor AMD 3020E 2.60 GHz, 15.6"" Full HD, 4GB, 1TB HDD, AMD Radeon Graphics, Free DOS, Iron Grey",https://www.emag.ro/laptop-lenovo-v15-ada-cu-procesor-amd-3020e-2-60-ghz-15-6-full-hd-4gb-1tb-hdd-amd-radeon-graphics-free-dos-iron-grey-82c7008grm/pd/D8HRX3MBM/
2999,"Laptop Gaming Lenovo IdeaPad 3 15ACH6 cu procesor AMD Ryzen 5 5600H, 15.6"", Full HD, 8GB, 256GB SSD, NVIDIA GeForce GTX 1650 4GB, No OS, Shadow Black",https://www.emag.ro/laptop-gaming-lenovo-ideapad-3-15ach6-cu-procesor-amd-ryzen-5-5600h-15-6-full-hd-8gb-256gb-ssd-nvidia-geforce-gtx-1650-4gb-no-os-shadow-black-82k2007arm/pd/DP6JPXMBM/
5999,"Laptop Apple MacBook Air 13-inch, True Tone, procesor Apple M1 , 8 nuclee CPU si 7 nuclee GPU, 8GB, 512GB, Space Grey, INT KB",https://www.emag.ro/laptop-apple-macbook-air-13-inch-true-tone-procesor-apple-m1-8-nuclee-cpu-si-7-nuclee-gpu-8gb-512gb-space-grey-int-kb-mgn73ze-a/pd/D55BL7MBM/
1289,"Laptop Allview Allbook H cu procesor Intel Celeron N4000 pana la 2.60 GHz, 15.6"", Full HD, 4GB, 256GB SSD, Intel UHD 600, Ubuntu, Grey",https://www.emag.ro/laptop-allview-cu-procesor-intel-celeron-n4000-pana-la-2-60-ghz-15-6-full-hd-4gb-256gb-ssd-intel-uhd-600-ubuntu-grey-allbook-h/pd/D81Y12MBM/
4699,"Laptop Gaming Lenovo Legion 5 15IMH6 cu procesor Intel Core i5-10500H, 15.6"", Full HD, 165Hz, 16GB, 512GB SSD, NVIDIA GeForce RTX 3050 Ti 4GB, No OS, Phantom Black",https://www.emag.ro/laptop-gaming-lenovo-legion-5-15imh6-cu-procesor-intel-core-i5-10500h-15-6-full-hd-165hz-16gb-512gb-ssd-nvidia-geforce-rtx-3050-ti-4gb-no-os-phantom-black-82nl0011rm/pd/D5J12XMBM/
1599,"Laptop ASUS X509UA-EJ356 cu procesor Intel® Core™ i3-8130U, 15.6"" Full HD, 8GB, SSD 256GB, Intel® UHD Graphics 620, No OS, Slate Grey",https://www.emag.ro/laptop-asus-cu-procesor-intelr-coretm-i3-8130u-15-6-full-hd-8gb-ssd-256gb-intelr-uhd-graphics-620-no-os-slate-grey-x509ua-ej356/pd/D8THWPMBM/
3699,"Laptop ultraportabil ASUS ZenBook 14 UM425IA cu procesor AMD Ryzen™ 7 4700U, 14"", Full HD, 8GB, 512GB SSD, AMD Radeon™ Graphics, Windows 10 Home, Lilac Mist",https://www.emag.ro/laptop-ultraportabil-asus-zenbook-14-um425ia-cu-procesor-amd-ryzentm-7-4700u-14-full-hd-8gb-512gb-ssd-amd-radeontm-graphics-windows-10-home-lilac-mist-um425ia-am036t/pd/D152NPMBM/
5299,"Laptop Gaming ASUS ROG Strix G15 G513QE cu procesor AMD Ryzen™ 7 5800H, 15.6"", Full HD, 300Hz, 16GB, 512GB SSD, NVIDIA® GeForce RTX™ 3050 Ti 4GB, Eclipse Gray",https://www.emag.ro/laptop-gaming-asus-rog-strix-g15-g513qe-cu-procesor-amd-ryzentm-7-5800h-15-6-full-hd-300hz-16gb-512gb-ssd-nvidiar-geforce-rtxtm-3050-ti-4gb-eclipse-gray-g513qe-hf008/pd/D8JGFXMBM/
2199,"Laptop HP 250 G8 cu procesor Intel® Core™ i3-1005G1, 15.6"", Full HD, 8GB, 256GB SSD, Intel® UHD Graphics, Free DOS, Dark ash silver",https://www.emag.ro/laptop-hp-250-g8-cu-procesor-intelr-coretm-i3-1005g1-15-6-full-hd-8gb-256gb-ssd-intelr-uhd-graphics-free-dos-dark-ash-silver-27k02ea/pd/DBQWYHMBM/
3299,"Laptop Gaming Lenovo IdeaPad 3 15ACH6 cu procesor AMD Ryzen 5 5600H pana la 4.2GHz, 15.6"", Full HD, IPS, 8GB, 512GB SSD, NVIDIA GeForce GTX 1650 4GB, No OS, Shadow Black",https://www.emag.ro/laptop-gaming-lenovo-ideapad-3-15ach6-cu-procesor-amd-ryzen-5-5600h-pana-la-4-2ghz-15-6-full-hd-ips-8gb-512gb-ssd-nvidia-geforce-gtx-1650-4gb-no-os-shadow-black-82k2007brm/pd/D7YGGPMBM/
1599,"Laptop ultraportabil Acer Swift 1 SF114-33 cu procesor Intel® Celeron® N4120 pana la 2.60 GHz, 14”, Full HD, 4GB, 128GB SSD, Inel UHD Graphics, No OS, SIlver",https://www.emag.ro/laptop-ultraportabil-acer-swift-1-sf114-33-cu-procesor-intelr-celeronr-n4120-pana-la-2-60-ghz-14-full-hd-4gb-128gb-ssd-inel-uhd-graphics-no-os-silver-nx-hysex-001/pd/DR28S2MBM/
3799,"Laptop Gaming ASUS ROG Zephyrus G14 GA401IHR cu procesor AMD Ryzen™ 7 4800HS, 14"", Full HD, 144Hz, 8GB, 1TB SSD, NVIDIA® GeForce GTX™ 1650 4GB, No Os, Eclipse Gray",https://www.emag.ro/laptop-gaming-asus-rog-zephyrus-g14-ga401ihr-cu-procesor-amd-ryzentm-7-4800hs-14-full-hd-144hz-8gb-1tb-ssd-nvidiar-geforce-gtxtm-1650-4gb-no-os-eclipse-gray-ga401ihr-hz029/pd/D0V3KXMBM/
4599,"Laptop ultraportabil Huawei MateBook 14 2021 cu procesor AMD Ryzen™ 7 4800H, 14"", 2K, Touch, 16GB, 512GB SSD, AMD Radeon Graphics, Windows 10 Home, Gray",https://www.emag.ro/laptop-ultraportabil-huawei-matebook-14-2021-cu-procesor-amd-ryzentm-7-4800h-14-2k-touch-16gb-512gb-ssd-amd-radeon-graphics-windows-10-home-gray-53012gdq/pd/DMMVDPMBM/
1599,"Laptop HP 255 G7 cu procesor AMD Ryzen™ 3 3200U pana la 3.50 GHz, 15.6"", Full HD, 8GB, 256GB SSD, Radeon™ Vega 3, Free DOS, Dark Ash Silver",https://www.emag.ro/laptop-hp-255-g7-cu-procesor-amd-ryzentm-3-3200u-pana-la-3-50-ghz-15-6-full-hd-8gb-256gb-ssd-radeontm-vega-3-free-dos-dark-ash-silver-1f3j8ea/pd/DB1Q6DMBM/
3999,"Laptop Dell Vostro 3500 cu procesor Intel Core i7-1165G7, 15.6"", Full HD, 16GB, 512GB SSD, Intel® Iris® Xe Graphics, Ubuntu, Accent Black",https://www.emag.ro/laptop-dell-vostro-3500-cu-procesor-intel-core-i7-1165g7-15-6-full-hd-16gb-512gb-ssd-intelr-irisr-xe-graphics-ubuntu-accent-black-n5001vn3500emeaubu/pd/DV403XMBM/
2699,"Laptop Lenovo IdeaPad 3 15ALC6 cu procesor AMD Ryzen 5 5500U, 15.6"", Full HD,IPS, 8GB, 512GB SSD, AMD Radeon Graphics, Windows 10 Home, Abyss Blue",https://www.emag.ro/laptop-lenovo-ideapad-3-15alc6-cu-procesor-amd-ryzen-5-5500u-15-6-full-hd-ips-8gb-512gb-ssd-amd-radeon-graphics-windows-10-home-abyss-blue-82ku0106rm/pd/DCNQQPMBM/
6799,"Laptop Gaming Acer Nitro 5 AN517-41 cu procesor AMD Ryzen™ 5 5600H, 17.3"", Full HD, 16GB, 512GB SSD, NVIDIA® GeForce® RTX™ 3070 8GB, No OS, Shale Black",https://www.emag.ro/laptop-gaming-acer-nitro-5-an517-41-cu-procesor-amd-ryzentm-5-5600h-17-3-full-hd-16gb-512gb-ssd-nvidiar-geforcer-rtxtm-3070-8gb-no-os-shale-black-nh-qbgex-008/pd/DS4T8PMBM/
1399,"Laptop HP 15-dw1033nq cu procesor Intel® Celeron® N4020, 15.6"", Full HD, 4GB, 256GB SSD, Intel® UHD Graphics, Free DOS, Black",https://www.emag.ro/laptop-hp-15-dw1033nq-cu-procesor-intelr-celeronr-n4020-15-6-full-hd-4gb-256gb-ssd-intelr-uhd-graphics-free-dos-black-322j2ea/pd/D7BT3PMBM/
1449,"Laptop Lenovo IdeaPad 3 15ITL6 cu procesor Intel Celeron 6305, 15.6"", Full HD,IPS, 4GB, 256GB SSD, Intel UHD Graphics, No OS, Arctic Grey",https://www.emag.ro/laptop-lenovo-ideapad-3-15itl6-cu-procesor-intel-celeron-6305-15-6-full-hd-ips-4gb-256gb-ssd-intel-uhd-graphics-no-os-arctic-grey-82h801evrm/pd/DZNQQPMBM/
2749,"Laptop ASUS X513EA-BQ1871 cu procesor Intel® Core™ i5-1135G7, 15.6"" Full HD, 8GB, SSD 512GB, Intel Iris Xᵉ Graphics, No OS, Black",https://www.emag.ro/laptop-asus-cu-procesor-intelr-coretm-i5-1135g7-15-6-full-hd-8gb-ssd-512gb-intel-iris-x-graphics-no-os-black-x513ea-bq1871/pd/DWTHWPMBM/
1899,"Laptop ultraportabil HP 245 G7 cu procesor AMD Ryzen 3 3300U pana la 3.50 GHz, 14"", HD, 4GB, 1TB HDD, AMD Radeon™ Vega 6 Graphics, Windows 10 Home, Black",https://www.emag.ro/laptop-ultraportabil-hp-245-g7-cu-procesor-amd-ryzen-3-3300u-pana-la-3-50-ghz-14-hd-4gb-1tb-hdd-amd-radeontm-vega-6-graphics-windows-10-home-black-2d8c6eu/pd/D086G7MBM/
3199,"Laptop Gaming HP Pavilion 15-ec2025nq cu procesor AMD Ryzen™ 5 5600H, 15.6"", Full HD, 8GB, 256GB SSD, NVIDIA® GeForce® GTX 1650 4GB, Free DOS, Shadow Black",https://www.emag.ro/laptop-gaming-hp-pavilion-15-ec2025nq-cu-procesor-amd-ryzentm-5-5600h-15-6-full-hd-8gb-256gb-ssd-nvidiar-geforcer-gtx-1650-4gb-free-dos-shadow-black-402y2ea/pd/D3TPDPMBM/
3749,"Laptop Gaming HP Pavilion 16-a0001nq cu procesor Intel Core i5-10300H, 16.1"", 8GB, 1TB + SSD 256GB, nVidia GeForce GTX 1650 4GB, Free DOS, Shadow Black",https://www.emag.ro/laptop-gaming-hp-pavilion-16-a0001nq-cu-procesor-intel-core-i5-10300h-16-1-8gb-1tb-ssd-256gb-nvidia-geforce-gtx-1650-4gb-free-dos-shadow-black-239h1ea/pd/DSSMNPMBM/
3599,"Laptop Lenovo ThinkBook 15 IIL cu procesor Intel Core i7-1065G7 pana la 3.90 GHz, 15.6"", Full HD, 16GB, 512GB SSD, Intel Iris Plus Graphics, Free DOS, Mineral Grey",https://www.emag.ro/laptop-lenovo-thinkbook-15-iil-cu-procesor-intel-core-i7-1065g7-pana-la-3-90-ghz-15-6-full-hd-16gb-512gb-ssd-intel-iris-plus-graphics-free-dos-mineral-grey-20sm003jrm/pd/DKBK1TMBM/
2899,"Laptop ultraportabil Lenovo IdeaPad 5 14ITL05 cu procesor Intel Core i5-1135G7, 14"", Full HD, 8GB, 512GB SSD, Intel Iris Xe Graphics, No OS, Platinum Grey",https://www.emag.ro/laptop-ultraportabil-lenovo-ideapad-5-14itl05-cu-procesor-intel-core-i5-1135g7-14-full-hd-8gb-512gb-ssd-intel-iris-xe-graphics-no-os-platinum-grey-82fe00r1rm/pd/D7CVMPMBM/
6199,"Laptop Apple MacBook Pro 13-inch,True Tone, procesor Apple M1, 8 nuclee CPU si 8 nuclee GPU, 8GB, 256GB SSD, Space Grey, INT KB",https://www.emag.ro/laptop-apple-macbook-pro-13-inch-true-tone-procesor-apple-m1-8-nuclee-cpu-si-8-nuclee-gpu-8gb-256gb-ssd-space-grey-int-kb-myd82ze-a/pd/DN6BL7MBM/
6799,"Laptop Gaming ASUS ROG Zephyrus G14 GA401QEC cu procesor AMD Ryzen™ 9 5900HS, 14"", WQHD, 120Hz, 16GB, 1TB SSD, NVIDIA® GeForce RTX™ 3050 Ti, Windows 10 Home, Alan Walker edition, Grey, ROG Remix",https://www.emag.ro/laptop-gaming-asus-rog-zephyrus-g14-ga401qec-cu-procesor-amd-ryzentm-9-5900hs-14-wqhd-120hz-16gb-1tb-ssd-nvidiar-geforce-rtxtm-3050-ti-windows-10-home-alan-walker-edition-grey-rog-remix-ga401qec-k2064/pd/DPXZ6HMBM/
4899,"Laptop Apple MacBook Air 13-inch, True Tone, procesor Apple M1 , 8 nuclee CPU si 7 nuclee GPU, 8GB, 256GB, Gold, INT KB",https://www.emag.ro/laptop-apple-macbook-air-13-inch-true-tone-procesor-apple-m1-8-nuclee-cpu-si-7-nuclee-gpu-8gb-256gb-gold-int-kb-mgnd3ze-a/pd/DY6BL7MBM/
3099,"Laptop ASUS VivoBook 15 M513UA cu procesor AMD Ryzen™ 7 5700U, 15.6"", Full HD, OLED, 8GB, 512GB SSD, AMD Radeon™ Graphics, No Os, Indie Black",https://www.emag.ro/laptop-asus-vivobook-15-m513ua-cu-procesor-amd-ryzentm-7-5700u-15-6-full-hd-oled-8gb-512gb-ssd-amd-radeontm-graphics-no-os-indie-black-m513ua-l1301/pd/DXV3KXMBM/
1299,"Laptop ultraportabil Jumper EzBook X3 cu procesor Intel Celeron N3450 Quad - Core pana la 2.20 GHz, 13.3"", Full HD, 8GB, 128GB SSD, Intel® HD Graphics 500, Windows 10 Home, Grey",https://www.emag.ro/laptop-ultraportabil-jumper-ezbook-x3-cu-procesor-intel-celeron-n3450-quad-core-pana-la-2-20-ghz-13-3-full-hd-8gb-128gb-ssd-intelr-hd-graphics-500-windows-10-home-grey-ezbook-x3-2/pd/DQDRSDMBM/
3999,"Laptop Gaming Acer Nitro 5 AN515-55 cu procesor Intel® Core™ i5-10300H, 15.6"", Full HD, 8GB, 512GB SSD, NVIDIA® GeForce RTX™ 3050 4 GB, No OS, Black",https://www.emag.ro/laptop-gaming-acer-nitro-5-an515-55-cu-procesor-intelr-coretm-i5-10300h-15-6-full-hd-8gb-512gb-ssd-nvidiar-geforce-rtxtm-3050-4-gb-no-os-black-nh-qb0ex-001/pd/DMDNZPMBM/
4499,"Laptop Gaming HP Pavilion 15-dk1011nq cu procesor Intel Core i7-10750H, 15.6"", Full HD, 8GB, 512GB SSD, nVidia GeForce GTX 1650 4GB, Free DOS, Shadow Black",https://www.emag.ro/laptop-gaming-hp-pavilion-15-dk1011nq-cu-procesor-intel-core-i7-10750h-15-6-full-hd-8gb-512gb-ssd-nvidia-geforce-gtx-1650-4gb-free-dos-shadow-black-1k6b0ea/pd/DLHY5HMBM/
1899,"Laptop ultraportabil ASUS Vivobook X415EA cu procesor Intel® Core™ i3-1115G4, 14"", Full HD, 8GB, 256GB, Intel® UHD Graphics, No OS, Slate Grey",https://www.emag.ro/laptop-ultraportabil-asus-vivobook-x415ea-cu-procesor-intelr-coretm-i3-1115g4-14-full-hd-8gb-256gb-intelr-uhd-graphics-no-os-slate-grey-x415ea-eb522/pd/D2CV7PMBM/
2299,"Laptop Acer Aspire 5 A515-56 cu procesor Inel Core i3-1115G4, 15.6"", Full HD, 8GB, 256GB SSD, Intel Iris Xe Graphics, No OS, Black",https://www.emag.ro/laptop-acer-aspire-5-a515-56-cu-procesor-inel-core-i3-1115g4-15-6-full-hd-8gb-256gb-ssd-intel-iris-xe-graphics-no-os-black-nx-a18ex-001/pd/D87NZPMBM/
3999,"Laptop Gaming IdeaPad 3 15ACH6 cu procesor AMD Ryzen 7 5800H, 15.6"", Full HD, 8GB, 512GB SSD, NVIDIA GeForce RTX 3050 4GB, No OS, Shadow Black",https://www.emag.ro/laptop-gaming-ideapad-3-15ach6-cu-procesor-amd-ryzen-7-5800h-15-6-full-hd-8gb-512gb-ssd-nvidia-geforce-rtx-3050-4gb-no-os-shadow-black-82k2007erm/pd/DPLYXXMBM/
14999,"Laptop gaming Lenovo Legion 7 16IYHg6 cu procesor Intel Core i9-11980HK, 16"", WQXGA, 32GB, 1TB SSD, NVIDIA GeForce RTX 3080 16GB, No OS, Storm Grey",https://www.emag.ro/laptop-gaming-lenovo-legion-7-16iyhg6-cu-procesor-intel-core-i9-11980hk-16-wqxga-32gb-1tb-ssd-nvidia-geforce-rtx-3080-16gb-no-os-storm-grey-82k6000lrm/pd/D75QGPMBM/
1349,"Laptop Lenovo IdeaPad 3 15ITL6 cu procesor Intel Celeron 6305, 15.6"", Full HD,IPS, 4GB, 128GB SSD, Intel UHD Graphics, No OS, Arctic Grey",https://www.emag.ro/laptop-lenovo-ideapad-3-15itl6-cu-procesor-intel-celeron-6305-15-6-full-hd-ips-4gb-128gb-ssd-intel-uhd-graphics-no-os-arctic-grey-82h801etrm/pd/D9NQQPMBM/
3099,"Laptop Lenovo IdeaPad 3 15ALC6 cu procesor AMD Ryzen 7 5700U, 15.6"", Full HD,IPS, 8GB, 512GB SSD, AMD Radeon Graphics, Windows 10 Home, Abyss Blue",https://www.emag.ro/laptop-lenovo-ideapad-3-15alc6-cu-procesor-amd-ryzen-7-5700u-15-6-full-hd-ips-8gb-512gb-ssd-amd-radeon-graphics-windows-10-home-abyss-blue-82ku0108rm/pd/DLNQQPMBM/
2799,"Laptop ultraportabil Laptop Lenovo V14 G2 ALC cu procesor AMD Ryzen 7 5700U, 14"", Full HD, 16GB, 512GB SSD, AMD Radeon Graphics, Free Dos, Black",https://www.emag.ro/laptop-ultraportabil-laptop-lenovo-v14-g2-alc-cu-procesor-amd-ryzen-7-5700u-14-full-hd-16gb-512gb-ssd-amd-radeon-graphics-free-dos-black-82kc004erm/pd/DGTQRHMBM/
1610,"Laptop ASUS X515MA cu procesor Intel® Celeron® N4020 pana la 2.80 GHz, 15.6"", HD, 4GB, 256GB SSD, Intel® UHD Graphics 600, Free DOS, Slate Grey",https://www.emag.ro/laptop-asus-x515ma-cu-procesor-intelr-celeronr-n4020-pana-la-2-80-ghz-15-6-hd-4gb-256gb-ssd-intelr-uhd-graphics-600-free-dos-slate-grey-x515ma-br062/pd/D0VFDTMBM/
3999,"Laptop HP Pavilion Gaming 16-a0076nq cu procesor Intel® Core™ i5-10300H, 16.1"", Full HD, 144Hz, 16GB, 512GB SSD, Nvidia GeForce GTX 1650Ti 4GB, Free DOS, Shadow Black",https://www.emag.ro/laptop-hp-pavilion-gaming-16-a0076nq-cu-procesor-intelr-coretm-i5-10300h-16-1-full-hd-144hz-16gb-512gb-ssd-nvidia-geforce-gtx-1650ti-4gb-free-dos-shadow-black-402r8ea/pd/D8WD3PMBM/
2799,"Laptop HP 15-dw3035nq cu procesor Intel Core i3-1115G4, 15.6"", Full HD, 8GB, 512GB SSD, Intel UHD Graphics, Windows 10 Home, Chalkboard gray",https://www.emag.ro/laptop-hp-15-dw3035nq-cu-procesor-intel-core-i3-1115g4-15-6-full-hd-8gb-512gb-ssd-intel-uhd-graphics-windows-10-home-chalkboard-gray-4q6c1ea/pd/DLGZ3XMBM/
2799,"Laptop Lenovo ThinkBook 15 G2 ITL cu procesor Intel Core i5-1135G7 pana la 4.20 GHz, 15.6"", Full HD, 8GB, 256GB SSD, Intel Iris Xe Graphics, Free DOS, Mineral Grey",https://www.emag.ro/laptop-lenovo-thinkbook-15-g2-itl-cu-procesor-intel-core-i5-1135g7-pana-la-4-20-ghz-15-6-full-hd-8gb-256gb-ssd-intel-iris-xe-graphics-free-dos-mineral-grey-20ve0055rm/pd/DV0N1TMBM/
2799,"Laptop Huawei MateBook D15 2021 cu procesor Intel® Core i3-10110U, 15.6"", Full HD, 8GB, 256GB SSD, Intel® UHD Graphics 620, Windows 10 Home, Silver",https://www.emag.ro/laptop-huawei-matebook-d15-2021-cu-procesor-intelr-core-i3-10110u-15-6-full-hd-8gb-256gb-ssd-intelr-uhd-graphics-620-windows-10-home-silver-53011ttj/pd/DD5N6NMBM/
4699,"Laptop Gaming HP Pavilion 17-cd2026nq cu procesor Intel® Core™ i5-11300H, 17.3"", Full HD, 144Hz, 8GB, 512GB SSD, NVIDIA® GeForce RTX™ 3050 Ti 4GB, Free DOS, Shadow Black",https://www.emag.ro/laptop-gaming-hp-pavilion-17-cd2026nq-cu-procesor-intelr-coretm-i5-11300h-17-3-full-hd-144hz-8gb-512gb-ssd-nvidiar-geforce-rtxtm-3050-ti-4gb-free-dos-shadow-black-4q6y0ea/pd/DF7KLPMBM/
2699,"Laptop Lenovo IdeaPad 3 15IIL05 cu procesor Intel® Core™ i7-1065G7, 15.6"" Full HD, 8GB, 512GB SSD, Intel® Iris® Plus Graphics, FreeDOS, Platinum Grey",https://www.emag.ro/laptop-lenovo-ideapad-3-15iil05-cu-procesor-intelr-coretm-i7-1065g7-15-6-full-hd-8gb-512gb-ssd-intelr-irisr-plus-graphics-freedos-platinum-grey-81we00r2rm/pd/D83P03MBM/
7499,"Laptop Gaming ASUS ROG Zephyrus G15 GA503QM cu procesor AMD Ryzen™ 9 5900HS, 15.6"", WQHD, 165Hz, 16GB, 1TB SSD, NVIDIA® GeForce RTX™ 3060 6GB, No OS, Moonlight White",https://www.emag.ro/laptop-gaming-asus-rog-zephyrus-g15-ga503qm-cu-procesor-amd-ryzentm-9-5900hs-15-6-wqhd-165hz-16gb-1tb-ssd-nvidiar-geforce-rtxtm-3060-6gb-no-os-moonlight-white-ga503qm-hq058/pd/DSJGFXMBM/
7899,"Laptop Gaming ASUS ROG Strix G15 Advantage Edition G513QY cu procesor AMD Ryzen™ 9 5900HX, 15.6"", Full HD, 300Hz, 16GB, 512GB, AMD® Radeon™ RX 6800M 12GB, No OS, Original Black",https://www.emag.ro/laptop-gaming-asus-rog-strix-g15-advantage-edition-g513qy-cu-procesor-amd-ryzentm-9-5900hx-15-6-full-hd-300hz-16gb-512gb-amdr-radeontm-rx-6800m-12gb-no-os-original-black-g513qy-hf001/pd/D0YJ7XMBM/
3799,"Laptop ultraportabil Lenovo Yoga Slim 7 14ITL05 cu procesor Intel Core i5-1135G7 pana la 4.20 GHz, 14"", Full HD, IPS, 8GB, 512GB SSD, Intel Iris Xe Graphics, Windows 10 Home, Orchid",https://www.emag.ro/laptop-ultraportabil-lenovo-yoga-slim-7-14itl05-cu-procesor-intel-core-i5-1135g7-pana-la-4-20-ghz-14-full-hd-ips-8gb-512gb-ssd-intel-iris-xe-graphics-windows-10-home-orchid-82a300bkrm/pd/DQWWKNMBM/
3799,"Laptop Gaming ASUS TUF F15 FX506LH cu procesor Intel® Core™ i5-10300H pana la 4.50 GHz, 15.6"", Full HD, 144Hz, 8GB, 512GB SSD, NVIDIA® GeForce® GTX 1650 4GB, Free DOS, Fortress Gray",https://www.emag.ro/laptop-gaming-asus-tuf-f15-fx506lh-cu-procesor-intelr-coretm-i5-10300h-pana-la-4-50-ghz-15-6-full-hd-144hz-8gb-512gb-ssd-nvidiar-geforcer-gtx-1650-4gb-free-dos-fortress-gray-fx506lh-hn002/pd/DCJPHNMBM/
4799,"Laptop Gaming HP Pavilion 17-cd2023nq cu procesor Intel® Core™ i5-11300H, 17.3"", Full HD, 144Hz, 8GB, 256GB SSD + 1TB SSD, NVIDIA® GeForce RTX™ 3050 Ti 4GB, Free DOS, Black",https://www.emag.ro/laptop-gaming-hp-pavilion-17-cd2023nq-cu-procesor-intelr-coretm-i5-11300h-17-3-full-hd-144hz-8gb-256gb-ssd-1tb-ssd-nvidiar-geforce-rtxtm-3050-ti-4gb-free-dos-black-4q6x9ea/pd/DGF1NPMBM/
2999,"Laptop ASUS VivoBook K513EA cu procesor Intel® Core™ i5-1135G7, 15.6"", Full HD, 8GB, 512GB SSD, Intel Iris Xᵉ Graphics, Free DOS, Indie Black",https://www.emag.ro/laptop-asus-vivobook-k513ea-cu-procesor-intelr-coretm-i5-1135g7-15-6-full-hd-8gb-512gb-ssd-intel-iris-x-graphics-free-dos-indie-black-k513ea-bq1961/pd/DBVWBXMBM/
1799,"Laptop ultraportabil Acer Swift 1 SF114-34 cu procesor Intel Celeron N5100, 14"", Full HD, 8GB, 256GB SSD, Intel UHD Graphics, No Os, Gold",https://www.emag.ro/laptop-ultraportabil-acer-swift-1-sf114-34-cu-procesor-intel-celeron-n5100-14-full-hd-8gb-256gb-ssd-intel-uhd-graphics-no-os-gold-nx-a75ex-004/pd/D1SN10MBM/
1299,"Laptop ultraportabil ASUS E210MA cu procesor Intel® Celeron® N4020, 11.6"", HD, 4GB, 128GB, eMMC, Intel® UHD Graphics 600, Windows 10 Home S, Star Black",https://www.emag.ro/laptop-ultraportabil-asus-e210ma-cu-procesor-intelr-celeronr-n4020-11-6-hd-4gb-128gb-emmc-intelr-uhd-graphics-600-windows-10-home-s-star-black-e210ma-gj204ts/pd/DWVJ2XMBM/
1299,"Laptop ultraportabil Prestigio SmartBook 133 C4 cu procesor AMD A4-9120e pana la 2.20 GHz, 14.1"", HD, 4GB, 64GB eMMC, AMD Radeon R3, Windows 10 Pro, Dark Grey",https://www.emag.ro/laptop-ultraportabil-prestigio-smartbook-133-c4-cu-procesor-amd-a4-9120e-pana-la-2-20-ghz-14-1-hd-4gb-64gb-emmc-amd-radeon-r3-windows-10-pro-dark-grey-psb133c04cgp-dg/pd/D54KRDMBM/
1999,"Laptop Lenovo V15 ADA cu procesor AMD Ryzen 3 3250U pana la 3.50 Ghz, 15.6"", Full HD, 8GB, 256GB SSD, Radeon Vega Graphics, Free DOS, Iron Grey",https://www.emag.ro/laptop-lenovo-v15-ada-cu-procesor-amd-ryzen-3-3250u-pana-la-3-50-ghz-15-6-full-hd-8gb-256gb-ssd-radeon-vega-graphics-free-dos-iron-grey-82c7001krm/pd/DKNF72MBM/
6999,"Laptop Gaming ASUS ROG Zephyrus G14 GA401QM cu procesor AMD Ryzen™ 9 5900HS, 14"", QHD, 120Hz, 16GB, 512GB SSD, NVIDIA® GeForce RTX™ 3060 6GB, No OS, Eclipse Gray",https://www.emag.ro/laptop-gaming-asus-rog-zephyrus-g14-ga401qm-cu-procesor-amd-ryzentm-9-5900hs-14-qhd-120hz-16gb-512gb-ssd-nvidiar-geforce-rtxtm-3060-6gb-no-os-eclipse-gray-ga401qm-k2231/pd/DDLFKXMBM/
4799,"Laptop Gaming ASUS TUF F15 FX506LI cu procesor Intel® Core™ i7-10870H pana la 5.00 GHz, 15.6"", Full HD, 144Hz, 8GB, 1TB SSD, NVIDIA® GeForce® GTX 1650 Ti 4GB, Free DOS, Bonfire Black",https://www.emag.ro/laptop-gaming-asus-tuf-f15-fx506li-cu-procesor-intelr-coretm-i7-10870h-pana-la-5-00-ghz-15-6-full-hd-144hz-8gb-1tb-ssd-nvidiar-geforcer-gtx-1650-ti-4gb-free-dos-bonfire-black-fx506li-hn231/pd/D9SSRNMBM/
3799,"Laptop Lenovo IdeaPad 3 17ITL6 cu procesor Intel Core i7-1165G7 pana la 4.70 GHz, 17.3"", Full HD, IPS, IPS, 12GB, 512GB SSD, Intel Iris Xe Graphics, Free DOS, Arctic Grey",https://www.emag.ro/laptop-lenovo-ideapad-3-17itl6-cu-procesor-intel-core-i7-1165g7-pana-la-4-70-ghz-17-3-full-hd-ips-ips-12gb-512gb-ssd-intel-iris-xe-graphics-free-dos-arctic-grey-82h9005hrm/pd/DT4V70MBM/
3499,"Laptop Gaming Lenovo IdeaPad 3 15ACH6 cu procesor AMD Ryzen 7 5800H, 15.6"", Full HD, 8GB, 512GB SSD, NVIDIA GeForce GTX 1650 4GB, No OS, Shadow Black",https://www.emag.ro/laptop-gaming-lenovo-ideapad-3-15ach6-cu-procesor-amd-ryzen-7-5800h-15-6-full-hd-8gb-512gb-ssd-nvidia-geforce-gtx-1650-4gb-no-os-shadow-black-82k2007crm/pd/D0LYXXMBM/
2499,"Laptop HP 250 G8 cu procesor Intel® Core™ i3-1005G1, 15.6"", Full HD, 8GB, 512GB SSD, Intel® UHD Graphics, Free DOS, Asteroid silver",https://www.emag.ro/laptop-hp-250-g8-cu-procesor-intelr-coretm-i3-1005g1-15-6-full-hd-8gb-512gb-ssd-intelr-uhd-graphics-free-dos-asteroid-silver-2x7v6ea/pd/DMQWYHMBM/
2499,"Laptop ultraportabil Lenovo IdeaPad 3 14IIL05 cu procesor Intel Core i5-1035G1, 14"", Full HD, 8GB, 512GB SSD, Intel UHD Graphics, No OS, Platinum Grey",https://www.emag.ro/laptop-ultraportabil-lenovo-ideapad-3-14iil05-cu-procesor-intel-core-i5-1035g1-14-full-hd-8gb-512gb-ssd-intel-uhd-graphics-no-os-platinum-grey-81wd00wfpb/pd/DFJ1NPMBM/
1799,"Laptop Lenovo IdeaPad 3 15ITL6 cu procesor Intel Core i3-1115G4, 15.6"", Full HD,IPS, 4GB, 128GB, Intel UHD Graphics, No OS, Sand",https://www.emag.ro/laptop-lenovo-ideapad-3-15itl6-cu-procesor-intel-core-i3-1115g4-15-6-full-hd-ips-4gb-128gb-intel-uhd-graphics-no-os-sand-82h801esrm/pd/DPNQQPMBM/
4799,"Laptop Gaming ASUS TUF Gaming F17 FX706HCB-HX118 cu procesor Intel® Core™ i5-11400H, 17.3""Full HD, 8GB, 1TB SSD, NVIDIA® GeForce RTX™ 3050 4GB, No OS, Eclipse Gray",https://www.emag.ro/laptop-gaming-asus-tuf-gaming-f17-cu-procesor-intelr-coretm-i5-11400h-17-3-full-hd-8gb-1tb-ssd-nvidiar-geforce-rtxtm-3050-4gb-no-os-eclipse-gray-fx706hcb-hx118/pd/DR9RFPMBM/
3049,"Laptop HP 15-dw3027nq cu procesor Intel Core i5-1135G7, 15.6"", Full HD, 8GB, 256GB SSD, Intel Iris Xe, Windows 10 Home, Jet Black",https://www.emag.ro/laptop-hp-15-dw3027nq-cu-procesor-intel-core-i5-1135g7-15-6-full-hd-8gb-256gb-ssd-intel-iris-xe-windows-10-home-jet-black-4r8n2ea/pd/DZGZ3XMBM/
3299,"Laptop Lenovo IdeaPad 3 15IIL05 cu procesor Intel® Core™ i7-1065G7, 15.6"" Full HD, 12GB, 512GB SSD, Intel® Iris® Plus Graphics, FreeDOS, Platinum Grey",https://www.emag.ro/laptop-lenovo-ideapad-3-15iil05-cu-procesor-intelr-coretm-i7-1065g7-15-6-full-hd-12gb-512gb-ssd-intelr-irisr-plus-graphics-freedos-platinum-grey-81we00r4rm/pd/DW3P03MBM/
4199,"Laptop Gaming HP Pavilion 15-ec1045nq cu procesor AMD Ryzen 7 4800H, 15.6"", 16GB, 512GB SSD, nVidia GeForce GTX 1650 Ti 4GB, Free DOS, Shadow Black",https://www.emag.ro/laptop-gaming-hp-pavilion-15-ec1045nq-cu-procesor-amd-ryzen-7-4800h-15-6-16gb-512gb-ssd-nvidia-geforce-gtx-1650-ti-4gb-free-dos-shadow-black-1u6e9ea/pd/DYZ32XMBM/
6599,"Laptop Gaming ASUS TUF Gaming F17 FX706HM cu procesor Intel® Core™ i7-11800H, 17.3"", Full HD, 144Hz, 16GB, 1TB SSD, NVIDIA® GeForce RTX™ 3060 6GB, No OS, Graphite Black",https://www.emag.ro/laptop-gaming-asus-tuf-gaming-f17-fx706hm-cu-procesor-intelr-coretm-i7-11800h-17-3-full-hd-144hz-16gb-1tb-ssd-nvidiar-geforce-rtxtm-3060-6gb-no-os-graphite-black-fx706hm-hx064/pd/D9QSLXMBM/
4199,"Laptop ASUS VivoBook S15 S532EQ cu procesor Intel® Core™ i5-1135G7 pana la 4.20GHz, 15.6"", Full HD, 8GB, 512GB SSD, NVIDIA® GeForce® MX350 2GB GDDR5, Windows 10 Home, Rose Gold",https://www.emag.ro/laptop-asus-vivobook-s15-s532eq-cu-procesor-intelr-coretm-i5-1135g7-pana-la-4-20ghz-15-6-full-hd-8gb-512gb-ssd-nvidiar-geforcer-mx350-2gb-gddr5-windows-10-home-rose-gold-s532eq-bq053t/pd/D6SWBXMBM/
1449,"Laptop Lenovo IdeaPad 3 15ITL6 cu procesor Intel Celeron 6305, 15.6"", Full HD,IPS, 4GB, 256GB SSD, Intel UHD Graphics, No OS, Sand",https://www.emag.ro/laptop-lenovo-ideapad-3-15itl6-cu-procesor-intel-celeron-6305-15-6-full-hd-ips-4gb-256gb-ssd-intel-uhd-graphics-no-os-sand-82h801f0rm/pd/DJNQQPMBM/
1799,"Laptop ASUS M515DA cu procesor AMD Ryzen™ 3 3250U, 15.6"", Full HD, 8GB, 256GB SSD, AMD Radeon™ Graphics, No OS, Transparent Silver",https://www.emag.ro/laptop-asus-m515da-cu-procesor-amd-ryzentm-3-3250u-15-6-full-hd-8gb-256gb-ssd-amd-radeontm-graphics-no-os-transparent-silver-m515da-bq1058/pd/D9TP4XMBM/
2399,"Laptop ultraportabil Acer Swift 3 SF314 cu procesor AMD Ryzen 3 5300U, 14"", Full HD, 8GB, 512GB SSD, AMD Radeon Graphics, Windows 10 Home, Electric Blue",https://www.emag.ro/laptop-ultraportabil-acer-swift-3-sf314-cu-procesor-amd-ryzen-3-5300u-14-full-hd-8gb-512gb-ssd-amd-radeon-graphics-windows-10-home-electric-blue-nx-acpex-001/pd/DZPW6HMBM/
4499,"Laptop Gaming Victus by HP 16-e0041nq cu procesor AMD Ryzen™ 5 5600H, 16.1"", Full HD, 144Hz, 8GB, 512GB SSD, NVIDIA® GeForce RTX™ 3050 Ti 4GB, Free DOS, Mica Silver",https://www.emag.ro/laptop-gaming-victus-by-hp-16-e0041nq-cu-procesor-amd-ryzentm-5-5600h-16-1-full-hd-144hz-8gb-512gb-ssd-nvidiar-geforce-rtxtm-3050-ti-4gb-free-dos-mica-silver-4q731ea/pd/DX7KLPMBM/
4899,"Laptop Apple MacBook Air 13-inch, True Tone, procesor Apple M1 , 8 nuclee CPU si 7 nuclee GPU, 8GB, 256GB, Silver, INT KB",https://www.emag.ro/laptop-apple-macbook-air-13-inch-true-tone-procesor-apple-m1-8-nuclee-cpu-si-7-nuclee-gpu-8gb-256gb-silver-int-kb-mgn93ze-a/pd/D85BL7MBM/
1599,"Laptop ASUS X509MA cu procesor Intel® Pentium® Silver N5030, 15.6"", HD, 4GB, 256GB SSD, Intel® UHD Graphics 605, Free DOS, Transparent silver",https://www.emag.ro/laptop-asus-x509ma-cu-procesor-intelr-pentiumr-silver-n5030-15-6-hd-4gb-256gb-ssd-intelr-uhd-graphics-605-free-dos-transparent-silver-x509ma-br542/pd/D394D0MBM/
2199,"Laptop Acer Aspire 5 A515-44 cu procesor AMD Ryzen 5 4500U, 15.6"", Full HD, 8GB, 256GB SSD, AMD Radeon™ Graphics, No OS, Black",https://www.emag.ro/laptop-acer-aspire-5-a515-44-cu-procesor-amd-ryzen-5-4500u-15-6-full-hd-8gb-256gb-ssd-amd-radeontm-graphics-no-os-black-nx-hw1ex-006/pd/DFKHLXMBM/
4999,"Laptop Acer Aspire 5 A517-52G cu procesor Intel Core i7-1165G7, 17.3"", Full HD, 16GB, 1TB SSD, NVIDIA® GeForce® MX350 2GB, Windows 10 Home, Pure Silver",https://www.emag.ro/laptop-acer-aspire-5-a517-52g-cu-procesor-intel-core-i7-1165g7-17-3-full-hd-16gb-1tb-ssd-nvidiar-geforcer-mx350-2gb-windows-10-home-pure-silver-nx-a5hex-002/pd/DPWX3XMBM/
5799,"Laptop Gaming Acer Nitro 5 AN517-41 cu procesor AMD Ryzen 5 5600H, 17.3"", Full HD, 16GB, 512GB SSD, NVIDIA® GeForce® RTXTM 3060 6GB, No OS, Black",https://www.emag.ro/laptop-gaming-acer-nitro-5-an517-41-cu-procesor-amd-ryzen-5-5600h-17-3-full-hd-16gb-512gb-ssd-nvidiar-geforcer-rtxtm-3060-6gb-no-os-black-nh-qarex-001/pd/DZZ290MBM/
3499,"Laptop HP Pavilion 15-eh1004nq cu procesor AMD Ryzen 7-5700U, 15.6"", Full HD, 8GB, 512GB SSD, AMD Radeon Integrated Graphics, Windows 10 Home, Forest Teal",https://www.emag.ro/laptop-hp-pavilion-15-eh1004nq-cu-procesor-amd-ryzen-7-5700u-15-6-full-hd-8gb-512gb-ssd-amd-radeon-integrated-graphics-windows-10-home-forest-teal-4r8n4ea/pd/DQGZ3XMBM/
3399,"Laptop Gaming HP Pavilion 16-a0057nq cu procesor Core i5-10300H, 16.1"", Full HD, 8GB, 256GB SSD, Nvidia GeForce GTX 1650 4GB, Free DOS, Shadow Black",https://www.emag.ro/laptop-gaming-hp-pavilion-16-a0057nq-cu-procesor-core-i5-10300h-16-1-full-hd-8gb-256gb-ssd-nvidia-geforce-gtx-1650-4gb-free-dos-shadow-black-239l7ea/pd/DQKPQHMBM/
6499,"Laptop Gaming ASUS TUF F15 FX506HM cu procesor Intel® Core™ i7-11800H, 15.6."", Full HD, 240Hz, 8GB, 1TB SSD, NVIDIA® GeForce RTX™ 3060 6GB, No OS, Eclipse Gray",https://www.emag.ro/laptop-gaming-asus-tuf-f15-fx506hm-cu-procesor-intelr-coretm-i7-11800h-15-6-full-hd-240hz-8gb-1tb-ssd-nvidiar-geforce-rtxtm-3060-6gb-no-os-eclipse-gray-fx506hm-az158/pd/DF5Z9HMBM/
4799,"Laptop Gaming ASUS ROG Strix G15 G513IC cu procesor AMD Ryzen™ 7 4800H, 15.6"", Full HD, 144Hz, 16GB, 512GB SSD, NVIDIA® GeForce RTX™ 3050 4GB, Free DOS, Eclipse Gray",https://www.emag.ro/laptop-gaming-asus-rog-strix-g15-g513ic-cu-procesor-amd-ryzentm-7-4800h-15-6-full-hd-144hz-16gb-512gb-ssd-nvidiar-geforce-rtxtm-3050-4gb-free-dos-eclipse-gray-g513ic-hn004/pd/DPS5ZPMBM/
1799,"Laptop ultraportabil Weigo cu procesor Intel Core i3-5005U 2.00 GHz, 14.1"" Full HD, 8GB, 256GB SSD, Intel HD Graphics 5500, Windows 10 Pro, Grey",https://www.emag.ro/laptop-ultraportabil-weigo-cu-procesor-intel-core-i3-5005u-2-00-ghz-14-1-full-hd-8gb-256gb-ssd-intel-hd-graphics-5500-windows-10-pro-grey-wub-pl-148256a/pd/D51D3TMBM/
2999,"Laptop Gaming MSI GF63 Thin 10SC-209XRO cu procesor Intel® Core™ i5-10300H, 15.6"", Full HD, 8GB, 256GB SSD, NVIDIA® GeForce® GTX 1650 Max-Q 4GB, Free DOS, Black",https://www.emag.ro/laptop-gaming-msi-gf63-thin-10sc-209xro-cu-procesor-intelr-coretm-i5-10300h-15-6-full-hd-8gb-256gb-ssd-nvidiar-geforcer-gtx-1650-max-q-4gb-free-dos-black-9s7-16r512-209/pd/DM778NMBM/
2399,"Laptop HP 14-DQ1077 cu procesor Intel® Core™ i3-1005G1 pana la 3.40 GHz, 14"" Full HD, 8GB, 256GB SSD, Intel® UHD Graphics, Windows 10 Home S, Silver",https://www.emag.ro/laptop-hp-14-dq1077-cu-procesor-intelr-coretm-i3-1005g1-pana-la-3-40-ghz-14-full-hd-8gb-256gb-ssd-intelr-uhd-graphics-windows-10-home-s-silver-2s8g4ua/pd/DNJT3TMBM/
2699,"Laptop HP 250 G8 cu procesor Intel Core i5-1035G1, 15.6"", Full HD, 8GB, 512GB SSD, Intel UHD Graphics, Free DOS, Silver",https://www.emag.ro/laptop-hp-250-g8-cu-procesor-intel-core-i5-1035g1-15-6-full-hd-8gb-512gb-ssd-intel-uhd-graphics-free-dos-silver-2x7v7ea/pd/DVY8KHMBM/
1899,"Laptop Lenovo IdeaPad 3 15ITL6 cu procesor Intel Core i3-1115G4, 15.6"", Full HD,IPS, 4GB, 256GB SSD, Intel UHD Graphics, No OS, Sand",https://www.emag.ro/laptop-lenovo-ideapad-3-15itl6-cu-procesor-intel-core-i3-1115g4-15-6-full-hd-ips-4gb-256gb-ssd-intel-uhd-graphics-no-os-sand-82h801f1rm/pd/DSNQQPMBM/
3199,"Laptop HP 15-dw3022nq cu prpocesor Intel Core i5-1135G7, 15.6"", Full HD, 8GB, 512GB SSD, Intel Iris Xe, Windows 10 Home, Natural Silver",https://www.emag.ro/laptop-hp-15-dw3022nq-cu-prpocesor-intel-core-i5-1135g7-15-6-full-hd-8gb-512gb-ssd-intel-iris-xe-windows-10-home-natural-silver-4r8n1ea/pd/D1GZ3XMBM/
3899,"Laptop Gaming HP Pavilion 16-a0051nq cu procesor Intel Core i5-10300H, 16.1"", 8GB, 256GB SSD + 1TB HDD, nVidia GeForce GTX 1650 Ti 4GB, Free DOS, Shadow Black",https://www.emag.ro/laptop-gaming-hp-pavilion-16-a0051nq-cu-procesor-intel-core-i5-10300h-16-1-8gb-256gb-ssd-1tb-hdd-nvidia-geforce-gtx-1650-ti-4gb-free-dos-shadow-black-2l8z4ea/pd/DVF1NPMBM/
3499,"Laptop Gaming Acer Aspire 7 A715 cu procesor AMD Ryzen 7 3750H, 15.6"", Full HD, 8GB, 512GB SSD, NVIDIA® GeForce® GTX 1650Ti 4GB, No OS, Black",https://www.emag.ro/laptop-gaming-acer-aspire-7-a715-cu-procesor-amd-ryzen-7-3750h-15-6-full-hd-8gb-512gb-ssd-nvidiar-geforcer-gtx-1650ti-4gb-no-os-black-nh-q8qex-003/pd/D7K1PNMBM/
3999,"Laptop HP Pavilion 15-eg0029nq cu procesor Intel® Core™ i7-1165G7, 15.6"", Full HD, 16GB, 512GB SSD, Intel® Iris® Xᵉ Graphics, Free DOS, Fog Blue",https://www.emag.ro/laptop-hp-pavilion-15-eg0029nq-cu-procesor-intelr-coretm-i7-1165g7-15-6-full-hd-16gb-512gb-ssd-intelr-irisr-x-graphics-free-dos-fog-blue-4q6d8ea/pd/DJWD3PMBM/
2099,"Laptop Lenovo IdeaPad 3 15IIL05 cu procesor Intel Core i3-1005G1, 15.6"", Full HD, 8GB, 256GB SSD, NVIDIA GeForce MX330 2GB, No OS, Platinum Grey",https://www.emag.ro/laptop-lenovo-ideapad-3-15iil05-cu-procesor-intel-core-i3-1005g1-15-6-full-hd-8gb-256gb-ssd-nvidia-geforce-mx330-2gb-no-os-platinum-grey-81we010mpb/pd/D4WB1PMBM/
3899,"Laptop ASUS ASUS VivoBook Pro 15 K3500PA cu procesor Intel® Core™ i5-11300H, 15.6"", Full HD, 16GB, 1TB SSD, Intel Iris Xᵉ Graphics, No OS, Quiet Blue",https://www.emag.ro/laptop-asus-asus-vivobook-pro-15-k3500pa-cu-procesor-intelr-coretm-i5-11300h-15-6-full-hd-16gb-1tb-ssd-intel-iris-x-graphics-no-os-quiet-blue-k3500pa-kj267/pd/D94J2XMBM/
4199,"Laptop ASUS ZenBook 13 OLED UX325EA cu procesor Intel® Core™ i7-1165G7, 13.3"", Full HD, 8GB, 512GB SSD, Intel Iris Xᵉ Graphics, No OS, Pine Grey",https://www.emag.ro/laptop-asus-zenbook-13-oled-ux325ea-cu-procesor-intelr-coretm-i7-1165g7-13-3-full-hd-8gb-512gb-ssd-intel-iris-x-graphics-no-os-pine-grey-ux325ea-kg257/pd/DY4R0HMBM/
1999,"Laptop ultraportabil MSI Modern 14 B10MW-431XRO cu procesor Intel Core i3-10110U pana la 4.10 GHz, 14"", Full HD, 8GB, 256GB SSD, Intel UHD Graphics,",https://www.emag.ro/laptop-ultraportabil-msi-modern-14-b10mw-431xro-cu-procesor-intel-core-i3-10110u-pana-la-4-10-ghz-14-full-hd-8gb-256gb-ssd-intel-uhd-graphics-9s7-14d114-431/pd/DBQM3KMBM/
3699,"Laptop ultraportabil Huawei MateBook 13 cu procesor AMD Ryzen 7 3700U, 13"", 2K, 16GB, 512GB SSD, Radeon Integrated Graphics, Windows 10 Home, Grey",https://www.emag.ro/laptop-ultraportabil-huawei-matebook-13-cu-procesor-amd-ryzen-7-3700u-13-2k-16gb-512gb-ssd-radeon-integrated-graphics-windows-10-home-grey-53012cuw/pd/DSSGVHMBM/
7999,"Laptop Gaming ASUS ROG Strix SCAR 15 G533QM cu procesor AMD Ryzen™ 9 5900HX, 15.6"", WQHD, 165Hz, 16GB, 1TB SSD, NVIDIA® GeForce RTX™ 3060 6GB, No Os Black",https://www.emag.ro/laptop-gaming-asus-rog-strix-scar-15-g533qm-cu-procesor-amd-ryzentm-9-5900hx-15-6-wqhd-165hz-16gb-1tb-ssd-nvidiar-geforce-rtxtm-3060-6gb-no-os-black-g533qm-hq037/pd/D4JGFXMBM/
3399,"Laptop ASUS VivoBook 15 K513EA cu procesor Intel® Core™ i7-1165G7, 15.6"", Full HD, 8GB, 512GB SSD, Intel Iris Xᵉ Graphics, No OS, Hearty Gold",https://www.emag.ro/laptop-asus-vivobook-15-k513ea-cu-procesor-intelr-coretm-i7-1165g7-15-6-full-hd-8gb-512gb-ssd-intel-iris-x-graphics-no-os-hearty-gold-k513ea-bn2249/pd/D74J2XMBM/
2899,"Laptop ultraportabil Huawei MateBook D14 2021 cu procesor Intel Core i3 10110U, 14"", Full HD, 8GB, 256GB SSD, Intel UHD Graphics, Windows 10 Home, Mystic Silver",https://www.emag.ro/laptop-ultraportabil-huawei-matebook-d14-2021-cu-procesor-intel-core-i3-10110u-14-full-hd-8gb-256gb-ssd-intel-uhd-graphics-windows-10-home-mystic-silver-53011wdu/pd/D6SXVHMBM/
1899,"Laptop ultraportabil ASUS X415EA cu procesor Intel® Core™ i3-1115G4, 14"", Full HD, 8GB, 256GB SSD, Intel® UHD Graphics, No OS, Slate Grey",https://www.emag.ro/laptop-ultraportabil-asus-x415ea-cu-procesor-intelr-coretm-i3-1115g4-14-full-hd-8gb-256gb-ssd-intelr-uhd-graphics-no-os-slate-grey-x415ea-ek613/pd/DN4J2XMBM/
3999,"Laptop Gaming HP Pavilion 15-ec2013nq cu procesor AMD Ryzen 5 5600H, 15.6"", Full HD, 144Hz, 8GB, 512GB SSD, NVIDIA GeForce RTX 3050 4GB, Free DOS, Shadow Black",https://www.emag.ro/laptop-gaming-hp-pavilion-15-ec2013nq-cu-procesor-amd-ryzen-5-5600h-15-6-full-hd-144hz-8gb-512gb-ssd-nvidia-geforce-rtx-3050-4gb-free-dos-shadow-black-427k2ea/pd/DN5XVXMBM/
2999,"Laptop HP 250 G8 cu procesor Intel Core I5-1035G1, 15.6"", Full HD, 8GB, 512GB SSD, NVIDIA GeForce MX130 2GB, Free DOS, Silver",https://www.emag.ro/laptop-hp-250-g8-cu-procesor-intel-core-i5-1035g1-15-6-full-hd-8gb-512gb-ssd-nvidia-geforce-mx130-2gb-free-dos-silver-2x7x8ea/pd/D5HY5HMBM/
4299,"Laptop Gaming Lenovo IdeaPad 3 15ACH6 cu procesor AMD Ryzen 7 5800H, 15.6"", Full HD, 16GB, 512GB SSD, NVIDIA GeForce RTX 3050 4GB, No OS, Shadow Black",https://www.emag.ro/laptop-gaming-lenovo-ideapad-3-15ach6-cu-procesor-amd-ryzen-7-5800h-15-6-full-hd-16gb-512gb-ssd-nvidia-geforce-rtx-3050-4gb-no-os-shadow-black-82k2007grm/pd/DHLYXXMBM/
6299,"Laptop Apple MacBook Pro 13-inch, True Tone, procesor Apple M1, 8 nuclee CPU si 8 nuclee GPU, 8GB, 256GB SSD, Silver, INT KB",https://www.emag.ro/laptop-apple-macbook-pro-13-inch-true-tone-procesor-apple-m1-8-nuclee-cpu-si-8-nuclee-gpu-8gb-256gb-ssd-silver-int-kb-myda2ze-a/pd/D96BL7MBM/
9699,"Laptop Gaming Msi GP66 Leopard 11UG cu procesor Intel Core i7-11800H, 15.6"", QHD, 240HZ, 16GB, 1TB SSD, nVIDIA RTX3070 8GB, Free DOS, Black",https://www.emag.ro/laptop-gaming-msi-gp66-leopard-11ug-cu-procesor-intel-core-i7-11800h-15-6-qhd-240hz-16gb-1tb-ssd-nvidia-rtx3070-8gb-free-dos-black-9s7-154322-436/pd/DGCRYXMBM/
1349,"Laptop Lenovo IdeaPad 3 15ITL6 cu procesor Intel Celeron 6305, 15.6"", Full HD,IPS, 4GB, 128GB SSD, Intel UHD Graphics, No OS, Sand",https://www.emag.ro/laptop-lenovo-ideapad-3-15itl6-cu-procesor-intel-celeron-6305-15-6-full-hd-ips-4gb-128gb-ssd-intel-uhd-graphics-no-os-sand-82h801ewrm/pd/DFNQQPMBM/
1899,"Laptop Acer Aspire 3 A315-35 cu procesor Intel® Celeron® processor N4500,15.6"", Full HD, 8GB, 128GB SSD, Intel UHD Graphics, Windows 10 Home, Silver",https://www.emag.ro/laptop-acer-aspire-3-a315-35-cu-procesor-intelr-celeronr-processor-n4500-15-6-full-hd-8gb-128gb-ssd-intel-uhd-graphics-windows-10-home-silver-nx-a6lex-003/pd/DQDVNNMBM/
2599,"Laptop Lenovo IdeaPad 3 15ALC6 cu procesor AMD Ryzen 5 5500U, 15.6"", Full HD,IPS, 8GB, 256GB SSD, AMD Radeon Graphics, Windows 10 Home, Abyss Blue",https://www.emag.ro/laptop-lenovo-ideapad-3-15alc6-cu-procesor-amd-ryzen-5-5500u-15-6-full-hd-ips-8gb-256gb-ssd-amd-radeon-graphics-windows-10-home-abyss-blue-82ku0105rm/pd/D4NQQPMBM/
