descriere,pret,link
"Prezervative stimulante Love Match Stimolante, 1 cutie cu 144 buc",169,https://www.emag.ro/prezervative-stimulante-love-match-stimolante-1-cutie-cu-144-buc-6502j/pd/D9X4Y9MBM/
"Prezervative Durex Feel Thin Slim Fit, 10 buc",24,https://www.emag.ro/prezervative-durex-feel-thin-slim-fit-10-buc-5997321772738/pd/D05B25BBM/
Prezervative My Size 64 mm 10buc,46,https://www.emag.ro/prezervative-my-size-64-mm-10buc-301194-ws/pd/DMP6L5BBM/
"Prezervative Durex Invisible, 24 bucati",49,https://www.emag.ro/prezervative-durex-invisible-24-bucati-487/pd/DG1KHXMBM/
"Prezervative Durex Invisible Extra Thin, lubrifiate, 10 buc",29,https://www.emag.ro/prezervative-durex-invisible-extra-thin-lubrifiate-10-buc-xte201497/pd/D1NSNHMBM/
"Prezervative Durex Feel Thin XXL, 10 buc",48,https://www.emag.ro/prezervative-durex-feel-thin-xxl-10-buc-5997321772745/pd/DQ5B25BBM/
Prezervative MY SIZE 49x10 buc,37,https://www.emag.ro/prezervative-my-size-49x10-buc-2180a/pd/D2VFBVBBM/
Prezervative Secura Black Pearl 24buc,38,https://www.emag.ro/prezervative-secura-black-pearl-24buc-deniro24417/pd/DN1PF5BBM/
"Prezervative Durex Feeling Extra Fin, 20 buc",39,https://www.emag.ro/prezervative-durex-feeling-extra-fin-20-buc-1888316888/pd/DQTQDXMBM/
"Prezervative Durex Feel Thin, 36 buc, Cutie Discreta",121,https://www.emag.ro/prezervative-durex-feel-thin-36-buc-cutie-discreta-5949031309216/pd/DW2JY5BBM/
"Prezervative Ritex Magic, 8 buc",22,https://www.emag.ro/prezervative-ritex-magic-8-buc-4001669418195/pd/DWVL6KMBM/
"Prezervative Skyn Original, 3 buc",14,https://www.emag.ro/prezervative-skyn-original-3-buc-5011831084126/pd/DBJB5MMBM/
"Prezervative Durex Invisible Extra Lubrificated, 10 buc",54,https://www.emag.ro/prezervative-durex-invisible-extra-lubrificated-10-buc-5052197049732/pd/D1CG03BBM/
Prezervative aromate Love Match 6 buc,20,https://www.emag.ro/prezervative-aromate-love-match-6-buc-xte201174/pd/DQ09Z7MBM/
Prezervative Love Match Resistente 6 buc,19,https://www.emag.ro/prezervative-love-match-resistente-6-buc-xte201182/pd/DBH9Z7MBM/
"Prezervative Pasante Tropical, 10 bucati",20,https://www.emag.ro/prezervative-pasante-tropical-10-bucati-314/pd/DYTR9WBBM/
"Prezervative ultra subtiri, Mister Size, 69 mm, 1 cutie x 10 buc",50,https://www.emag.ro/prezervative-ultra-subtiri-mister-size-69-mm-1-cutie-x-10-buc-97126/pd/DF7S3XMBM/
"Prezervativ My Size, 11 cm, 1 buc",29,https://www.emag.ro/prezervativ-my-size-11-cm-1-buc-2306/pd/D9YW65BBM/
Prezervative Amor Hot Moments 12 buc,34,https://www.emag.ro/prezervative-amor-hot-moments-12-buc-01537-d/pd/D9THZ5BBM/
"Prezervative Pasante Cooling, 10 bucati",20,https://www.emag.ro/prezervative-pasante-cooling-10-bucati-294/pd/D31KFWBBM/
"Prezervative Durex Pleasuremax, 12 bucati",68,https://www.emag.ro/prezervative-durex-pleasuremax-12-bucati-324-434938591/pd/D4W1SWBBM/
"Prezervative Durex Mutual Climax, 10 buc",90,https://www.emag.ro/prezervative-durex-mutual-climax-10-buc-or04300300000/pd/DQX04XMBM/
Prezervative Lelo Hex,167,https://www.emag.ro/prezervative-lelo-hex-7350075024085/pd/DRX6Z1BBM/
Prezervative Mister Size 49 mm 3 buc,23,https://www.emag.ro/prezervative-mister-size-49-mm-3-buc-or04136660000/pd/D60610MBM/
"Set 10x Prezervative, JUNCAI, Okamto, fara Latex, fara alergeni, Ultra-Thin, Ultra Subtiri, 0.01mm",77,https://www.emag.ro/set-10x-prezervative-juncai-okamto-fara-latex-fara-alergeni-ultra-thin-ultra-subtiri-0-01mm-cndm-okmto-10/pd/D852H3MBM/
"Set Prezervative Durex Mutual Pleasure 16 bucati, Intense Orgasmic 16 bucati",155,https://www.emag.ro/set-prezervative-durex-mutual-pleasure-16-bucati-intense-orgasmic-16-bucati-dur2xintensmutual/pd/DR3DV5BBM/
"Prezervative Masculan Special Edition, 3 buc",7,https://www.emag.ro/prezervative-masculan-special-edition-3-buc-4019042001032/pd/DP536MBBM/
"Prezervative Durex Excite Me, 3 buc",10,https://www.emag.ro/prezervative-durex-excite-me-3-buc-00228/pd/D3TJMCBBM/
"Prezervative Manix SKYN Large, 10 Buc.",96,https://www.emag.ro/prezervative-manix-skyn-large-10-buc-411809/pd/DHDQG9BBM/
"Prezervative Sico, 100 buc",224,https://www.emag.ro/prezervative-sico-100-buc-xte201501/pd/D90SNHMBM/
"Prezervative Durex Extra Safe, 3 buc",10,https://www.emag.ro/prezervative-durex-extra-safe-3-buc-5010232967854/pd/DCRGLBBBM/
"Prezervative Pasante King Size, 50 bucati",108,https://www.emag.ro/prezervative-pasante-king-size-50-bucati-pstking50/pd/DQDGFSBBM/
"Prezervative Ritex Lust, 3 buc",9,https://www.emag.ro/prezervative-ritex-lust-3-buc-4001669183246/pd/D04L6KMBM/
"Prezervative Trojan Ultra Ribbed Ecstasy, 10 buc",31,https://www.emag.ro/prezervative-trojan-ultra-ribbed-ecstasy-10-buc-505751/pd/DXS012MBM/
Prezervativ Durex 3buc Extra Safe,10,https://www.emag.ro/prezervativ-durex-3buc-extra-safe-t-09/pd/DNYC4ZBBM/
Prezervative Anos 24 buc,49,https://www.emag.ro/prezervative-anos-24-buc-xte201272/pd/DF7N3TMBM/
Prezervative Fosforescente AMOR NEON 6 buc,48,https://www.emag.ro/prezervative-fosforescente-amor-neon-6-buc-dd1pf5bbm/pd/DD1PF5BBM/
"Set Prezervative Durex Classic 2x18, 36 bucati",124,https://www.emag.ro/set-prezervative-durex-classic-2x18-36-bucati-dur2x18classic/pd/DN2TRQBBM/
"Prezervative Ritex extra-large XXL, 8 buc",24,https://www.emag.ro/prezervative-ritex-extra-large-xxl-8-buc-r3169/pd/DZQTK2BBM/
"Prezervative,unidus,sensation ,3buc",3,https://www.emag.ro/prezervative-unidus-sensation-3buc-prezervative02/pd/DH1NQXMBM/
"Prezervative Manix SKYN Original, 10 buc",89,https://www.emag.ro/prezervative-manix-skyn-original-10-buc-411795/pd/D5QKZ3BBM/
"Prezervative Masculan Gold Luxury Edition, 3 buc",5,https://www.emag.ro/prezervative-masculan-gold-luxury-edition-3-buc-4019042000936/pd/D59WFTMBM/
"Prezervative Ritex Lust, 8 buc",22,https://www.emag.ro/prezervative-ritex-lust-8-buc-4001669408035/pd/DH4L6KMBM/
"Prezervative Durex Extra Safe, 12 buc",27,https://www.emag.ro/prezervative-durex-extra-safe-12-buc-5010232964600/pd/D8QGLBBBM/
"Prezervative Durex Fetherlite, 3 bucati",20,https://www.emag.ro/prezervative-durex-fetherlite-3-bucati-00236/pd/DGRF5CBBM/
"Prezervative Durex Performa, 12 buc",72,https://www.emag.ro/prezervative-durex-performa-12-buc-performa12/pd/DGW0THBBM/
Prezervative Amor XXL 3buc,5,https://www.emag.ro/prezervative-amor-xxl-3buc-deniro4461/pd/D2S53CBBM/
Prezervative Secura Sentiment Natural 100 buc,111,https://www.emag.ro/prezervative-secura-sentiment-natural-100-buc-or04163710000/pd/D197DDMBM/
Prezervative My Size marimea 49 mm x 36 buc,124,https://www.emag.ro/prezervative-my-size-marimea-49-mm-x-36-buc-mysize-663/pd/D505WGBBM/
Prezervative Dolphi XXXXXL,7,https://www.emag.ro/prezervative-dolphi-xxxxxl-dolphixxxxxl/pd/DH8VZ3MBM/
Prezervative My Size marimea 57 mm x 36 buc,182,https://www.emag.ro/prezervative-my-size-marimea-57-mm-x-36-buc-mysize-649/pd/DQ05WGBBM/
Prezervative My Size 60mm 3buc,19,https://www.emag.ro/prezervative-my-size-60mm-3buc-301258-ws/pd/DWH6L5BBM/
"Prezervative Pasante Naturalle, 50 bucati",100,https://www.emag.ro/prezervative-pasante-naturalle-50-bucati-307/pd/D21KFWBBM/
Prezervative Amor Wild Dreams 3buc,10,https://www.emag.ro/prezervative-amor-wild-dreams-3buc-deniro4465/pd/D8W3CZBBM/
"Pachet Prezervative Durex Extended Pleasure, 3 buc/set + Lubrifiant Durex Play Saucy Strawberry 50 ml",38,https://www.emag.ro/pachet-prezervative-durex-extended-pleasure-3-buc-set-lubrifiant-durex-play-saucy-strawberry-50-ml-col5135000/pd/D3THZ5BBM/
"Prezervative Pasante Delay Infinity, 10 bucati",25,https://www.emag.ro/prezervative-pasante-delay-infinity-10-bucati-296/pd/D8DR9WBBM/
"Prezervative Vitalis Premium X-Large, 3 buc",5,https://www.emag.ro/prezervative-vitalis-premium-x-large-3-buc-5701a/pd/DJ55FBMBM/
Prezervative Secura El Toro 12buc,29,https://www.emag.ro/prezervative-secura-el-toro-12buc-4024144416387/pd/DFXTJ7MBM/
"Prezervative Pasante Intensity, 50 bucati",100,https://www.emag.ro/prezervative-pasante-intensity-50-bucati-303/pd/DK1KFWBBM/
"Prezervative Pasante Extra Safe, 50 bucati",103,https://www.emag.ro/prezervative-pasante-extra-safe-50-bucati-299/pd/D71KFWBBM/
"Prezervative Pasante Extra Sure, 50 bucati",94,https://www.emag.ro/prezervative-pasante-extra-sure-50-bucati-301/pd/DT1KFWBBM/
"Prezervative Asha International Euroglider, 10 bucati",19,https://www.emag.ro/prezervative-asha-international-euroglider-10-bucati-394/pd/D4SZ3YMBM/
Prezervative Durex Feel Intimate 3 buc,23,https://www.emag.ro/prezervative-durex-feel-intimate-3-buc-xte201267/pd/DT5SDTMBM/
Prezervative Secura Ultra Thin Natural Feeling 12 buc,29,https://www.emag.ro/prezervative-secura-ultra-thin-natural-feeling-12-buc-4024144416356/pd/DSXTJ7MBM/
"Prezervative premium My Size PRO, subtiri si rezistente, marime 57mm, 1 cutie x 3 buc",25,https://www.emag.ro/prezervative-premium-my-size-pro-subtiri-si-rezistente-marime-57mm-1-cutie-x-3-buc-d-228867/pd/DL4DGPMBM/
"Prezervative premium My Size PRO, subtiri si rezistente, marime 72mm, 1 cutie x 10 buc",38,https://www.emag.ro/prezervative-premium-my-size-pro-subtiri-si-rezistente-marime-72mm-1-cutie-x-10-buc-d-228880/pd/DG4DGPMBM/
"Prezervative Pasante Super King Size, 50 buc",123,https://www.emag.ro/prezervative-pasante-super-king-size-50-buc-pstkingsize50/pd/D6DGFSBBM/
"Set Prezervative Durex Feel Thin XXL 3x10, 30 bucati",197,https://www.emag.ro/set-prezervative-durex-feel-thin-xxl-3x10-30-bucati-dur3xxxl/pd/D9NQH6BBM/
"Pachet promo: Prezervative Skyn Extra Lubricated, 13 bucati",54,https://www.emag.ro/pachet-promo-prezervative-skyn-extra-lubricated-13-bucati-5943046049662/pd/DD98P2MBM/
"Set Prezervative Durex Intense Orgasmic 2x10, 20 bucati",139,https://www.emag.ro/set-prezervative-durex-intense-orgasmic-2x10-20-bucati-dur2x10intense/pd/D3XN8QBBM/
"Prezervative premium My Size PRO, subtiri si rezistente, marime 47mm, 1 cutie x 10 buc",46,https://www.emag.ro/prezervative-premium-my-size-pro-subtiri-si-rezistente-marime-47mm-1-cutie-x-10-buc-d-228858/pd/D94DGPMBM/
"Prezervative premium My Size PRO, subtiri si rezistente, marime 64mm, 1 cutie x 10 buc",46,https://www.emag.ro/prezervative-premium-my-size-pro-subtiri-si-rezistente-marime-64mm-1-cutie-x-10-buc-d-228874/pd/D84DGPMBM/
"Set de Prezervative Mister Size 47 mm,3 buc",22,https://www.emag.ro/set-de-prezervative-mister-size-47-mm-3-buc-or04136310000/pd/D1LKDHMBM/
"Prezervative Pasante Infinity, 3 buc",12,https://www.emag.ro/prezervative-pasante-infinity-3-buc-500623/pd/DCLNM2MBM/
Prezervative Amor Thin 3buc,5,https://www.emag.ro/prezervative-amor-thin-3buc-deniro50003/pd/DYGT8RBBM/
Prezervative Amor Thin 12buc,35,https://www.emag.ro/prezervative-amor-thin-12buc-df9p0lbbm/pd/DF9P0LBBM/
Prezervative Dolphi Anatomic Colored Flavoured,7,https://www.emag.ro/prezervative-dolphi-anatomic-colored-flavoured-dolphi/pd/DMXCRYBBM/
"Prezervative premium My Size PRO, subtiri si rezistente, marime 45mm, 1 cutie x 3 buc",16,https://www.emag.ro/prezervative-premium-my-size-pro-subtiri-si-rezistente-marime-45mm-1-cutie-x-3-buc-d-228854/pd/DZZ7BXMBM/
"Prezervative EXS Delay, 10 bucati",27,https://www.emag.ro/prezervative-exs-delay-10-bucati-667/pd/D7C9LNMBM/
Prezervative Hex Respect 36 buc,169,https://www.emag.ro/prezervative-hex-respect-36-buc-xte201096/pd/DCGWS3MBM/
Prezervative Durex Feel Ultra Thin 3 buc,25,https://www.emag.ro/prezervative-durex-feel-ultra-thin-3-buc-xte200803/pd/DNF1FMMBM/
Prezervative Dolphi Classic,7,https://www.emag.ro/prezervative-dolphi-classic-dolphi/pd/DYXCRYBBM/
"Prezervative ultra subtiri, Mister Size, 69 mm, 1 cutie x 3 buc",25,https://www.emag.ro/prezervative-ultra-subtiri-mister-size-69-mm-1-cutie-x-3-buc-97116/pd/DK7S3XMBM/
Prezervative Durex Feel Intimate 18 bucati,36,https://www.emag.ro/prezervative-durex-feel-intimate-18-bucati-5052197056228/pd/DJ8RQKBBM/
Prezervative Love Match XL Extra Large 6 buc,20,https://www.emag.ro/prezervative-love-match-xl-extra-large-6-buc-xte201178/pd/D609Z7MBM/
"Pachet Prezervative Durex Feel Thin, 3 buc/set + Prezervative Durex Extended Pleasure, 3 buc/set +Lubrifiant Durex Play Saucy Strawberry 50 ml",51,https://www.emag.ro/pachet-prezervative-durex-feel-thin-3-buc-set-prezervative-durex-extended-pleasure-3-buc-set-lubrifiant-durex-play-saucy-strawberry-50-ml-col5134999/pd/DTTHZ5BBM/
"Prezervative Durex Jeans, 2 buc.",9,https://www.emag.ro/prezervative-durex-jeans-2-buc-00234/pd/DYTJMCBBM/
"Prezervative Pasante Warming, 50 bucati",100,https://www.emag.ro/prezervative-pasante-warming-50-bucati-317/pd/DGL3FQBBM/
"Prezervative Manix SKYN Extra Lubricated, 10 buc",79,https://www.emag.ro/prezervative-manix-skyn-extra-lubricated-10-buc-414352/pd/DBX8P9BBM/
"Set 12 prezervative, Durex Natural XL",85,https://www.emag.ro/set-12-prezervative-durex-natural-xl-d-194989/pd/DWQYSTMBM/
Prezervative Amor Nature 3buc,12,https://www.emag.ro/prezervative-amor-nature-3buc-deniro15143/pd/DN8V1ZBBM/
"Prezervative premium My Size PRO, subtiri si rezistente, marime 72mm, 1 cutie x 3 buc",16,https://www.emag.ro/prezervative-premium-my-size-pro-subtiri-si-rezistente-marime-72mm-1-cutie-x-3-buc-d-228879/pd/DYCDGPMBM/
Prezervative Amor Mix 12 buc,34,https://www.emag.ro/prezervative-amor-mix-12-buc-01533-d/pd/DJTHZ5BBM/
"Prezervative premium My Size PRO, subtiri si rezistente, marime 53mm, 1 cutie x 10 buc",46,https://www.emag.ro/prezervative-premium-my-size-pro-subtiri-si-rezistente-marime-53mm-1-cutie-x-10-buc-d-228865/pd/DC4DGPMBM/
"Prezervative TUXIDO ULTRA THIN GIGA PACK, banana, 100 bucati",125,https://www.emag.ro/prezervative-tuxido-ultra-thin-giga-pack-banana-100-bucati-ut202203/pd/DDGT8RBBM/
Prezervative Recare Tutifrutti12 buc,8,https://www.emag.ro/prezervative-recare-tutifrutti12-buc-rectt11/pd/DBSL8WBBM/
"Cutie prezervative Durex , Pleasure Me , 12 bucati",39,https://www.emag.ro/cutie-prezervative-durex-pleasure-me-12-bucati-pleasureme/pd/D66NF8BBM/
"Prezervative Pasante Adore Ribbed, 50 bucati",100,https://www.emag.ro/prezervative-pasante-adore-ribbed-50-bucati-adoreribbed50/pd/D5DGFSBBM/
"Prezervative Love plus intense, 3buc",7,https://www.emag.ro/prezervative-love-plus-intense-3buc-4024487/pd/DBGR19BBM/
"Prezervative Durex Love, 8 Buc",40,https://www.emag.ro/prezervative-durex-love-8-buc-or04114000000/pd/DHF9NDMBM/
Prezervative Good Times Studded 3 buc,14,https://www.emag.ro/prezervative-good-times-studded-3-buc-xte201263/pd/D05SDTMBM/
Prezervative Unique Condom Wallet 3buc,29,https://www.emag.ro/prezervative-unique-condom-wallet-3buc-500646/pd/DSD688BBM/
"Prezervative premium My Size PRO, subtiri si rezistente, marime 53mm, 1 cutie x 3 buc",25,https://www.emag.ro/prezervative-premium-my-size-pro-subtiri-si-rezistente-marime-53mm-1-cutie-x-3-buc-d-228864/pd/DV4DGPMBM/
"Set Pachet Durex 18 prezervative Clasic, gel masaj 200 ml",101,https://www.emag.ro/set-pachet-durex-18-prezervative-clasic-gel-masaj-200-ml-dur2xclasicmasaj/pd/D53DV5BBM/
"Prezervative Durex 40 buc, Cutie Discreta Neagra",123,https://www.emag.ro/prezervative-durex-40-buc-cutie-discreta-neagra-8410104900618/pd/DTRN46BBM/
"Prezervative lubrifiante stimuli cu striatii, cu reservor, set 36 bucati in cutie , Romed",30,https://www.emag.ro/prezervative-lubrifiante-stimuli-cu-striatii-cu-reservor-set-36-bucati-in-cutie-romed-con-tex/pd/D65NG7MBM/
Prezervative Durex Classic 12 buc,34,https://www.emag.ro/prezervative-durex-classic-12-buc-xte200812/pd/D5L0JMMBM/
"Prezervative Pasante Trim, 10 bucati",20,https://www.emag.ro/prezervative-pasante-trim-10-bucati-669/pd/DTC9LNMBM/
"Pachet Prezervative Durex Clasic, 3 buc/set + Lubrifiant Durex Play Feel 50 ml",38,https://www.emag.ro/pachet-prezervative-durex-clasic-3-buc-set-lubrifiant-durex-play-feel-50-ml-col5134994/pd/D8DHZ5BBM/
Prezervative Good Times Ultra Thin 3 buc,14,https://www.emag.ro/prezervative-good-times-ultra-thin-3-buc-xte201264/pd/DX7N3TMBM/
"Prezervative Ritex RR1, 10 buc",22,https://www.emag.ro/prezervative-ritex-rr1-10-buc-4001669410014/pd/DT4L6KMBM/
"Prezervative rezistente, Love Match Resistente, 1 cutie cu 144 buc",169,https://www.emag.ro/prezervative-rezistente-love-match-resistente-1-cutie-cu-144-buc-6503/pd/DGT05PMBM/
"Prezervative Durex Feel Intimate, 36 buc, Cutie Discreta",98,https://www.emag.ro/prezervative-durex-feel-intimate-36-buc-cutie-discreta-5949031309223/pd/DG2JY5BBM/
Pachet Promo Durex: 4 x Durex Feel Intimate 12 bucati,139,https://www.emag.ro/pachet-promo-durex-4-x-durex-feel-intimate-12-bucati-5997321772813/pd/DXGCS1BBM/
"Cutie 6 prezervative Lelo Xex, latex, fara aroma",130,https://www.emag.ro/cutie-6-prezervative-lelo-xex-latex-fara-aroma-d-216260/pd/DQ3SRVBBM/
Prezervative Secura Test the Best 24buc,49,https://www.emag.ro/prezervative-secura-test-the-best-24buc-4024144433063/pd/D4XTJ7MBM/
Prezervative Pasante Infinity 12buc,39,https://www.emag.ro/prezervative-pasante-infinity-12buc-500622/pd/DG0F06BBM/
Prezervative Good Times Smooth 3 buc,14,https://www.emag.ro/prezervative-good-times-smooth-3-buc-xte201262/pd/DJ7N3TMBM/
"Prezervative premium My Size PRO, subtiri si rezistente, marime 64mm, 1 cutie x 3 buc",25,https://www.emag.ro/prezervative-premium-my-size-pro-subtiri-si-rezistente-marime-64mm-1-cutie-x-3-buc-d-228873/pd/DBCDGPMBM/
Prezervative Secura Black Pearl 100 buc,112,https://www.emag.ro/prezervative-secura-black-pearl-100-buc-or04162580000/pd/DTWT4TMBM/
Prezervative Durex Extra Safe 18 bucati,44,https://www.emag.ro/prezervative-durex-extra-safe-18-bucati-5052197056259/pd/DDS4VLBBM/
"Prezervative Durex Select, 10 bucati",30,https://www.emag.ro/prezervative-durex-select-10-bucati-534/pd/DWMMXHMBM/
Prezervative My Size marimea 53 mm x 36 buc,155,https://www.emag.ro/prezervative-my-size-marimea-53-mm-x-36-buc-mysize-656/pd/D105WGBBM/
Prezervative Amor Mix 3 buc,16,https://www.emag.ro/prezervative-amor-mix-3-buc-01532-d/pd/DFTHZ5BBM/
"Prezervative Pasante Warming, 10 bucati",20,https://www.emag.ro/prezervative-pasante-warming-10-bucati-316/pd/DY1KFWBBM/
Prezervative Durex Arouser 3 bucati,20,https://www.emag.ro/prezervative-durex-arouser-3-bucati-1000258234/pd/DHKLJJBBM/
Prezervative Recare Ultra Fine Helado 3 buc,5,https://www.emag.ro/prezervative-recare-ultra-fine-helado-3-buc-pr1/pd/D7RQZGBBM/
"Prezervative Durex Intense Orgasmic, 16 buc",60,https://www.emag.ro/prezervative-durex-intense-orgasmic-16-buc-5997321772189/pd/D3QN1SBBM/
Prezervative MY SIZE 69 x 10 buc,38,https://www.emag.ro/prezervative-my-size-69-x-10-buc-2196a/pd/D3JTMVBBM/
"Set Prezervative Durex Mutual Pleasure 2x16, 32 bucati",155,https://www.emag.ro/set-prezervative-durex-mutual-pleasure-2x16-32-bucati-dur2x16mutualpleasure/pd/DMSY5QBBM/
Prezervativ Amor Young 3 buc,12,https://www.emag.ro/prezervativ-amor-young-3-buc-01534-d/pd/D4THZ5BBM/
Prezervative MY SIZE 53 x 10 buc,38,https://www.emag.ro/prezervative-my-size-53-x-10-buc-2182a/pd/D7VFBVBBM/
"Pachet Prezervative Durex B close, 3 buc/set + Prezervative Durex Feel Thin, 3 buc/set + Prezervative Durex Clasic, 3 buc/set +Prezervative Durex Extended Pleasure, 3 buc/set",49,https://www.emag.ro/pachet-prezervative-durex-b-close-3-buc-set-prezervative-durex-feel-thin-3-buc-set-prezervative-durex-clasic-3-buc-set-prezervative-durex-extended-pleasure-3-buc-set-col5134997/pd/DGDHZ5BBM/
"Prezervative Pasante Naturalle, 10 bucati",20,https://www.emag.ro/prezervative-pasante-naturalle-10-bucati-306/pd/DNT7JWBBM/
"Prezervative Pasante Regular, 10 bucati",20,https://www.emag.ro/prezervative-pasante-regular-10-bucati-308/pd/DMTR9WBBM/
Prezervative Love Match Clasic 6 buc,20,https://www.emag.ro/prezervative-love-match-clasic-6-buc-xte201175/pd/DR09Z7MBM/
"Prezervative Durex Pleasuremax, 3 buc",22,https://www.emag.ro/prezervative-durex-pleasuremax-3-buc-pleasuremax/pd/DTR057BBM/
"Prezervative Pasante Trim, 50 bucati",99,https://www.emag.ro/prezervative-pasante-trim-50-bucati-670/pd/DDC9LNMBM/
"Prezervative subtiri Love Match Sottile, 6 buc",20,https://www.emag.ro/prezervative-subtiri-love-match-sottile-6-buc-8252/pd/DPTX1HMBM/
"Prezervative Durex Intense, 30 buc, Cutie Discreta",115,https://www.emag.ro/prezervative-durex-intense-30-buc-cutie-discreta-5949031309230/pd/DM7JY5BBM/
Pachet Promo Durex: 2 x Durex Intense Orgasmic 10 bucati + 2 x Mutual Pleasure 10 bucati + 1x Invisible Extra Sensitive 10 bucati + 1x Feel Ultra Thin 10 bucati,239,https://www.emag.ro/pachet-promo-durex-2-x-durex-intense-orgasmic-10-bucati-2-x-mutual-pleasure-10-bucati-1x-invisible-extra-sensitive-10-bucati-1x-feel-ultra-thin-10-bucati-5997321772561/pd/DV4NQHMBM/
"Prezervative LifeStyles Original, 3 buc",8,https://www.emag.ro/prezervative-lifestyles-original-3-buc-5011831158032/pd/D8RJT7MBM/
Prezervative contra ejacularii precoce Secura Good Timer Retarding 24 buc,49,https://www.emag.ro/prezervative-contra-ejacularii-precoce-secura-good-timer-retarding-24-buc-18592-w/pd/D6Q4KCBBM/
"Prezervative ultra subtiri, Mister Size, 47 mm, 1 cutie x 10 buc",50,https://www.emag.ro/prezervative-ultra-subtiri-mister-size-47-mm-1-cutie-x-10-buc-97120/pd/DH7S3XMBM/
"Prezervative,unidus,cu aroma banane 3buc",3,https://www.emag.ro/prezervative-unidus-cu-aroma-banane-3buc-prezervative03/pd/D01NQXMBM/
"Test de menopauza Minut, tip stilou",24,https://www.emag.ro/test-de-menopauza-minut-tip-stilou-tom-2/pd/DS6N47BBM/
Prezervative Recare Tutifrutti 3 buc,5,https://www.emag.ro/prezervative-recare-tutifrutti-3-buc-re332/pd/DMSL8WBBM/
"Prezervative Ritex Extra subtiri, 8 buc",28,https://www.emag.ro/prezervative-ritex-extra-subtiri-8-buc-r8041/pd/DZJG99BBM/
"Set prezervative Beppy Condoms, natural, 10 bucati",30,https://www.emag.ro/set-prezervative-beppy-condoms-natural-10-bucati-962111/pd/D2TR9WBBM/
"Prezervative premium My Size PRO, subtiri si rezistente, marime 49mm, 1 cutie x 10 buc",46,https://www.emag.ro/prezervative-premium-my-size-pro-subtiri-si-rezistente-marime-49mm-1-cutie-x-10-buc-d-228862/pd/DF4DGPMBM/
"Prezervative Masculan Gold Luxury Edition, 10 buc",22,https://www.emag.ro/prezervative-masculan-gold-luxury-edition-10-buc-4019042000905/pd/DC9WFTMBM/
Prezervative AMOR Wild Moments 3 buc,12,https://www.emag.ro/prezervative-amor-wild-moments-3-buc-deniro50048/pd/D8WLB8BBM/
Prezervative Dolphi Collection,7,https://www.emag.ro/prezervative-dolphi-collection-dolphi/pd/D3XCRYBBM/
Prezervative Durex Mutual Pleasure 16 bucati,69,https://www.emag.ro/prezervative-durex-mutual-pleasure-16-bucati-5052197056198/pd/DS8RQKBBM/
"Prezervativ MaxMen, Erotica, Stimulator, din Silicon cu Puncte si striatii in Relief, 1 buc",39,https://www.emag.ro/prezervativ-maxmen-erotica-stimulator-din-silicon-cu-puncte-si-striatii-in-relief-1-buc-802845/pd/D9BRSDMBM/
Prezervative Anos,29,https://www.emag.ro/prezervative-anos-4024144414055/pd/D68BJFBBM/
"Prezervative Durex Intimate Feel, 12 bucati",38,https://www.emag.ro/prezervative-durex-intimate-feel-12-bucati-5052197049800/pd/DR8P13BBM/
"Prezervative premium My Size PRO, subtiri si rezistente, marime 57mm, 1 cutie x 10 buc",46,https://www.emag.ro/prezervative-premium-my-size-pro-subtiri-si-rezistente-marime-57mm-1-cutie-x-10-buc-d-228868/pd/DQ4DGPMBM/
Prezervative Recare Natural 3 buc,3,https://www.emag.ro/prezervative-recare-natural-3-buc-re223432/pd/DYSL8WBBM/
"Prezervative Pasante Extra Safe, 10 bucati",21,https://www.emag.ro/prezervative-pasante-extra-safe-10-bucati-298/pd/DGDR9WBBM/
"Prezervative Ritex Extra Thin, 3 buc",14,https://www.emag.ro/prezervative-ritex-extra-thin-3-buc-4001669183475/pd/DY4L6KMBM/
"Prezervative premium My Size PRO, subtiri si rezistente, marime 69mm, 1 cutie x 10 buc",38,https://www.emag.ro/prezervative-premium-my-size-pro-subtiri-si-rezistente-marime-69mm-1-cutie-x-10-buc-d-228877/pd/DW4DGPMBM/
"Prezervative premium My Size PRO, subtiri si rezistente, marime 60mm, 1 cutie x 10 buc",46,https://www.emag.ro/prezervative-premium-my-size-pro-subtiri-si-rezistente-marime-60mm-1-cutie-x-10-buc-d-228871/pd/D64DGPMBM/
Prezervative Dolphi Ultra Thin,7,https://www.emag.ro/prezervative-dolphi-ultra-thin-dolphi/pd/D4YXRYBBM/
"Prezervative Durex Emoji Capsuni, 12 buc",28,https://www.emag.ro/prezervative-durex-emoji-capsuni-12-buc-5997321771977/pd/D2QN1SBBM/
"Prezervative Durex Feel thin, 18 buc",55,https://www.emag.ro/prezervative-durex-feel-thin-18-buc-5052197044973/pd/D1HGD2BBM/
"Pachet Prezervative Durex 40, 40 bucati",127,https://www.emag.ro/pachet-prezervative-durex-40-40-bucati-79/pd/DKJSL7MBM/
Prezervative Lelo HEX Original 12 buc,88,https://www.emag.ro/prezervative-lelo-hex-original-12-buc-le7350075022494/pd/DYS9L7MBM/
Prezervative Hex Respect XL 12 buc,107,https://www.emag.ro/prezervative-hex-respect-xl-12-buc-le7350075025006/pd/D057SKMBM/
Prezervative Durex Jeans 3 bucati,11,https://www.emag.ro/prezervative-durex-jeans-3-bucati-benki156/pd/D266HTMBM/
"Prezervativ, Love Plus Strawberry, 3 bucati",5,https://www.emag.ro/prezervativ-love-plus-strawberry-3-bucati-lov004/pd/D30MWHMBM/
"Prezervativ Manix Natural, 14 Buc.",75,https://www.emag.ro/prezervativ-manix-natural-14-buc-or04105860000/pd/D5N767MBM/
Prezervative MY SIZE 57 x 3 buc,15,https://www.emag.ro/prezervative-my-size-57-x-3-buc-2185a/pd/DKVFBVBBM/
"Prezervative Ritex Delay, 8 buc",26,https://www.emag.ro/prezervative-ritex-delay-8-buc-4001669418119/pd/D8VL6KMBM/
Prezervative Amor Hot Moments 3 buc,6,https://www.emag.ro/prezervative-amor-hot-moments-3-buc-01536-d/pd/DPTHZ5BBM/
"Prezervativ RR 1, 3 buc",9,https://www.emag.ro/prezervativ-rr-1-3-buc-4001669183116/pd/DYB2L2BBM/
"Prezervative Durex Ultra Thin, 30 buc, Cutie Discreta",98,https://www.emag.ro/prezervative-durex-ultra-thin-30-buc-cutie-discreta-5949031350294/pd/DVRPX2MBM/
"Prezervative Durex Intense Orgasmic, 10 bucati",47,https://www.emag.ro/prezervative-durex-intense-orgasmic-10-bucati-5052197051797/pd/DSMRH7BBM/
"Prezervative Durex Extra Safe, 18 bucati",54,https://www.emag.ro/prezervative-durex-extra-safe-18-bucati-5052197018936/pd/DZ8P13BBM/
"Prezervative EXS Magnum, 50 bucati",105,https://www.emag.ro/prezervative-exs-magnum-50-bucati-681/pd/DKC9LNMBM/
Prezervative Mister Size 47 mm 36 buc,150,https://www.emag.ro/prezervative-mister-size-47-mm-36-buc-or04136580000/pd/DR0610MBM/
"Pachet promo: Prezervative Skyn Original, 13 bucati",54,https://www.emag.ro/pachet-promo-prezervative-skyn-original-13-bucati-5943046049686/pd/DT98P2MBM/
Huse medicale de protectie pentru sondele vaginale Ritex 200 buc,143,https://www.emag.ro/huse-medicale-de-protectie-pentru-sondele-vaginale-ritex-200-buc-r2734/pd/DPR3W2MBM/
Prezervative Amor Nature 12 buc/set,33,https://www.emag.ro/prezervative-amor-nature-12-buc-set-xte200154/pd/DX1RBBMBM/
Prezervative transparente Secura Original 24buc/set,36,https://www.emag.ro/prezervative-transparente-secura-original-24buc-set-4024144416219/pd/DJXTJ7MBM/
Prezervatice Amor Cold Moments 12 buc/set,38,https://www.emag.ro/prezervatice-amor-cold-moments-12-buc-set-xte200155/pd/D91RBBMBM/
"Prezervative Mister Size 60mm, 36buc",150,https://www.emag.ro/prezervative-mister-size-60mm-36buc-or04137710000/pd/D0L77PMBM/
"Prezervative Durex Mutual Pleasure, 3 buc",11,https://www.emag.ro/prezervative-durex-mutual-pleasure-3-buc-5052197017267/pd/DBRGLBBBM/
"Prezervativ stimulator, GMO, Tenga Egg Misty",128,https://www.emag.ro/prezervativ-stimulator-gmo-tenga-egg-misty-tengaegg/pd/D765X0MBM/
Prezervative Mister Size 49 mm 36 buc,150,https://www.emag.ro/prezervative-mister-size-49-mm-36-buc-or04136820000/pd/DQ0610MBM/
Prezervative Dolphi Anatomic Ultra Thin,7,https://www.emag.ro/prezervative-dolphi-anatomic-ultra-thin-dolphi/pd/DWPCRYBBM/
Prezervative Secura Test the Best 12buc,35,https://www.emag.ro/prezervative-secura-test-the-best-12buc-4024144433056/pd/D9XTJ7MBM/
Prezervative Durex 6buc Arouser,18,https://www.emag.ro/prezervative-durex-6buc-arouser-t-289/pd/DP4ZVBMBM/
Prezervative My Size 60 mm 10buc,46,https://www.emag.ro/prezervative-my-size-60-mm-10buc-301193-ws/pd/DBP6L5BBM/
"Prezervative Durex Real Feel, 10 buc",47,https://www.emag.ro/prezervative-durex-real-feel-10-buc-5052197029505/pd/DV172MBBM/
"Set 10x Prezervative, OLO, Zero One, Latex, fara alergeni, Ultra-Thin, Ultra Subtiri, 0.01mm",36,https://www.emag.ro/set-10x-prezervative-olo-zero-one-latex-fara-alergeni-ultra-thin-ultra-subtiri-0-01mm-olo-cndm-10/pd/DGM39HMBM/
Prezervative Mister Size 49 mm 10 buc,52,https://www.emag.ro/prezervative-mister-size-49-mm-10-buc-or04136740000/pd/D80610MBM/
Prezervative Durex Love Easy On 4 buc,21,https://www.emag.ro/prezervative-durex-love-easy-on-4-buc-xte201498/pd/DQNSNHMBM/
"Prezervative Durex Intense Orgasmic, 24 buc",210,https://www.emag.ro/prezervative-durex-intense-orgasmic-24-buc-or04134530000/pd/D6ZLVKMBM/
"Prezervativ Vitalis Premium Super thin , 3 buc",5,https://www.emag.ro/prezervativ-vitalis-premium-super-thin-3-buc-5697a/pd/DTQF2BMBM/
Prezervative Amor Big Mix 30buc,70,https://www.emag.ro/prezervative-amor-big-mix-30buc-301235-ws/pd/DVTHZ5BBM/
Prezervative Amor XXL 12buc,33,https://www.emag.ro/prezervative-amor-xxl-12buc-deniro50177/pd/DPKDV5BBM/
"Prezervative Durex 30 buc, Cutie Discreta Neagra",109,https://www.emag.ro/prezervative-durex-30-buc-cutie-discreta-neagra-8410104900571/pd/DDRN46BBM/
"Prezervative Masculan Sensitive, 10 buc",22,https://www.emag.ro/prezervative-masculan-sensitive-10-buc-4019042000011/pd/D9536MBBM/
Prezervative Mister Size 47 mm 10 buc,54,https://www.emag.ro/prezervative-mister-size-47-mm-10-buc-or04136400000/pd/DG0610MBM/
"Prezervative Ritex Feeling, 3 buc",9,https://www.emag.ro/prezervative-ritex-feeling-3-buc-4001669183253/pd/DB4L6KMBM/
"Prezervative Secura Test the Best, 100 bucati",107,https://www.emag.ro/prezervative-secura-test-the-best-100-bucati-or04156340000/pd/DHRMDDMBM/
"Prezervative Vitalis Premium Natural, 12 buc",14,https://www.emag.ro/prezervative-vitalis-premium-natural-12-buc-5704a/pd/DL55FBMBM/
"Set Prezervative Durex Feel Intimate 2x12, 24 bucati",96,https://www.emag.ro/set-prezervative-durex-feel-intimate-2x12-24-bucati-dur2x12feelintimate/pd/D7XN8QBBM/
"Prezervative Durex Real Feel, 3 buc",17,https://www.emag.ro/prezervative-durex-real-feel-3-buc-5052197026047/pd/DWQGLBBBM/
"Prezervative Femei, Sheer Glyde Dams, Vanilie, 4 Buc",59,https://www.emag.ro/prezervative-femei-sheer-glyde-dams-vanilie-4-buc-8712/pd/DS7N3TMBM/
"Prezervative ultra subtiri, Mister Size, 47 mm, 1 cutie x 3 buc",25,https://www.emag.ro/prezervative-ultra-subtiri-mister-size-47-mm-1-cutie-x-3-buc-97110/pd/DD7S3XMBM/
"Prezervative Ritex Feeling, 8 buc",22,https://www.emag.ro/prezervative-ritex-feeling-8-buc-4001669418188/pd/DM4L6KMBM/
"Prezervative Pasante Cooling, 50 bucati",100,https://www.emag.ro/prezervative-pasante-cooling-50-bucati-295/pd/DRL3FQBBM/
"Prezervative Love plus classic, 3 buc",7,https://www.emag.ro/prezervative-love-plus-classic-3-buc-4024485/pd/D88R19BBM/
Prezervative Amor Color 3buc,10,https://www.emag.ro/prezervative-amor-color-3buc-deniro4180/pd/D3S53CBBM/
"Prezervative Durex Real Feel, 16 buc",69,https://www.emag.ro/prezervative-durex-real-feel-16-buc-5052197045000/pd/DRHGD2BBM/
"Prezervative Skyn Intense Feel, 3 buc",15,https://www.emag.ro/prezervative-skyn-intense-feel-3-buc-5011831089626/pd/DGFB5MMBM/
"Prezervative ultra subtiri, Mister Size, 64 mm, 1 cutie x 3 buc",25,https://www.emag.ro/prezervative-ultra-subtiri-mister-size-64-mm-1-cutie-x-3-buc-97115/pd/DJ7S3XMBM/
Prezervative Dure Extra Thin lubrifiate 10 buc,79,https://www.emag.ro/prezervative-dure-extra-thin-lubrifiate-10-buc-xte201170/pd/DMS9L7MBM/
Prezervative Colorate Amor 12 bucati,30,https://www.emag.ro/prezervative-colorate-amor-12-bucati-deniro50026/pd/D71PF5BBM/
"Prezervative Durex Fetherlite Elite, 18 bucati",65,https://www.emag.ro/prezervative-durex-fetherlite-elite-18-bucati-5052197018875/pd/D18P13BBM/
Prezervative My Size 64mm 3buc,19,https://www.emag.ro/prezervative-my-size-64mm-3buc-301259-ws/pd/DGH6L5BBM/
"Prezervative Durex Extended Pleasure, 12 buc",46,https://www.emag.ro/prezervative-durex-extended-pleasure-12-buc-5038483151860/pd/DCQGLBBBM/
"Prezervative Durex Surprise me, 22 buc",120,https://www.emag.ro/prezervative-durex-surprise-me-22-buc-or04109930000/pd/DC5XYXMBM/
"Prezervative ultra subtiri, Mister Size, 57 mm, 1 cutie x 3 buc",25,https://www.emag.ro/prezervative-ultra-subtiri-mister-size-57-mm-1-cutie-x-3-buc-97113/pd/DN7S3XMBM/
"Prezervative Durex Real Feel, 16 buc",70,https://www.emag.ro/prezervative-durex-real-feel-16-buc-116/pd/D19PS8BBM/
"Prezervative Pasante Regular, 50 bucati",99,https://www.emag.ro/prezervative-pasante-regular-50-bucati-pstregular50/pd/DWDGFSBBM/
"Prezervative Pasante Glow, 12 bucati",59,https://www.emag.ro/prezervative-pasante-glow-12-bucati-7098556/pd/DNK2ZXMBM/
Prezervative My Size 57mm 3buc,19,https://www.emag.ro/prezervative-my-size-57mm-3buc-301195-ws/pd/DYP6L5BBM/
"Prezervative Durex Jeans, 4 buc",11,https://www.emag.ro/prezervative-durex-jeans-4-buc-5038483733998/pd/DMRGLBBBM/
Prezervative Durex Invisible 3 bucati,23,https://www.emag.ro/prezervative-durex-invisible-3-bucati-1000185591/pd/D1W59JBBM/
"Prezervative ultra subtiri, Mister Size, 53 mm, 1 cutie x 3 buc",25,https://www.emag.ro/prezervative-ultra-subtiri-mister-size-53-mm-1-cutie-x-3-buc-97112/pd/DT7S3XMBM/
"Prezervative Manix SKYN Intense Feel, 10 Buc.",133,https://www.emag.ro/prezervative-manix-skyn-intense-feel-10-buc-411914/pd/DMX8P9BBM/
"Prezervative Durex Extra Safe , 12 buc plus lubrifiant Durex Play Original , 50 ml cadou",69,https://www.emag.ro/prezervative-durex-extra-safe-12-buc-plus-lubrifiant-durex-play-original-50-ml-cadou-0049/pd/D17J9LBBM/
Prezervative Secura Black Pearl 12buc,26,https://www.emag.ro/prezervative-secura-black-pearl-12buc-deniro24416/pd/DT1PF5BBM/
Prezervative MY SIZE PRO 64 x10 buc,38,https://www.emag.ro/prezervative-my-size-pro-64-x10-buc-41064/pd/D6PR5PMBM/
Prezervative transparente Secura Original 12 buc/set,32,https://www.emag.ro/prezervative-transparente-secura-original-12-buc-set-xte200049/pd/DXR5MWBBM/
"Prezervative Durex Thin Feel, 12 bucati",57,https://www.emag.ro/prezervative-durex-thin-feel-12-bucati-5052197049787/pd/D68P13BBM/
"Prezervative Durex Classic, 18 buc",44,https://www.emag.ro/prezervative-durex-classic-18-buc-5052197025491/pd/D8HGD2BBM/
"Prezervative Durex Invisible XL, 3 buc",10,https://www.emag.ro/prezervative-durex-invisible-xl-3-buc-5949031350089/pd/D6PXL3MBM/
"Prezervative Durex Emoji Tickle Me, 12 buc",35,https://www.emag.ro/prezervative-durex-emoji-tickle-me-12-buc-5010232964822/pd/D5QGLBBBM/
"Prezervative ultra subtiri, Mister Size, 49 mm, 1 cutie x 3 buc",25,https://www.emag.ro/prezervative-ultra-subtiri-mister-size-49-mm-1-cutie-x-3-buc-97111/pd/DP7S3XMBM/
"Prezervative Secura Original Big Boy, 100 Buc",120,https://www.emag.ro/prezervative-secura-original-big-boy-100-buc-or04163470000/pd/D699NDMBM/
Prezervative Dolphi 3 in 1,7,https://www.emag.ro/prezervative-dolphi-3-in-1-dolphi/pd/DBXCRYBBM/
Prezervative Durex Invisible XL 10 buc,104,https://www.emag.ro/prezervative-durex-invisible-xl-10-buc-xte201229/pd/D8DM3DMBM/
"Prezervative premium My Size PRO, subtiri si rezistente, marime 69mm, 1 cutie x 3 buc",25,https://www.emag.ro/prezervative-premium-my-size-pro-subtiri-si-rezistente-marime-69mm-1-cutie-x-3-buc-d-228876/pd/DMCDGPMBM/
"Set Prezervative Durex Feel thin, set 5 pachete",46,https://www.emag.ro/set-prezervative-durex-feel-thin-set-5-pachete-4524497/pd/DN6L0FBBM/
Prezervative Secura Black Pearl 52 mm 24 buc,67,https://www.emag.ro/prezervative-secura-black-pearl-52-mm-24-buc-xpsec03/pd/DRZ6X5BBM/
"Set Prezervative Durex Intense Orgasmic 10 bucati, Invisible Extra Sensitive 10 bucati, Mutual Pleasure 10 bucati",172,https://www.emag.ro/set-prezervative-durex-intense-orgasmic-10-bucati-invisible-extra-sensitive-10-bucati-mutual-pleasure-10-bucati-dur3xintenssensmutual/pd/D44C45BBM/
Prezervative Ritex display 5 x 8 buc,105,https://www.emag.ro/prezervative-ritex-display-5-x-8-buc-4001669450409/pd/DP4L6KMBM/
"Prezervative Durex Classic, 3 buc",10,https://www.emag.ro/prezervative-durex-classic-3-buc-5010232967878/pd/DKRGLBBBM/
"Prezervative Durex Intense Orgasmic, 3 bucati",16,https://www.emag.ro/prezervative-durex-intense-orgasmic-3-bucati-5052197051735/pd/DJMRH7BBM/
"Prezervative Durex Pleasuremax Emoji, 12 bucati",68,https://www.emag.ro/prezervative-durex-pleasuremax-emoji-12-bucati-672/pd/DPC9LNMBM/
"Prezervative Femei, Sheer Glyde Dams, Capsuni, 4 Buc",59,https://www.emag.ro/prezervative-femei-sheer-glyde-dams-capsuni-4-buc-8713/pd/DV7N3TMBM/
"Prezervative London Extra Gros, 100 buc",165,https://www.emag.ro/prezervative-london-extra-gros-100-buc-or410314/pd/D7F9NDMBM/
"Prezervative lubrifiante cu reservor 36 bucati in cutie , Romed , Olanda",30,https://www.emag.ro/prezervative-lubrifiante-cu-reservor-36-bucati-in-cutie-romed-olanda-con-3p40/pd/DDQK67MBM/
"Prezervative premium My Size PRO, subtiri si rezistente, marime 49mm, 1 cutie x 3 buc",25,https://www.emag.ro/prezervative-premium-my-size-pro-subtiri-si-rezistente-marime-49mm-1-cutie-x-3-buc-d-228861/pd/DJ4DGPMBM/
"Prezervative Pasante Extra Sure, 10 bucati",20,https://www.emag.ro/prezervative-pasante-extra-sure-10-bucati-300/pd/DWDR9WBBM/
"Prezervativele lubrifiate My Size XXL, 36 Buc",157,https://www.emag.ro/prezervativele-lubrifiate-my-size-xxl-36-buc-411710/pd/D9DQG9BBM/
"Prezervative Pasante pachet: 1x Ribs & Dots Intensity, 1x Pasante Warming si 1x Pasante Delay Infinity",9,https://www.emag.ro/prezervative-pasante-pachet-1x-ribs-dots-intensity-1x-pasante-warming-si-1x-pasante-delay-infinity-tm01282/pd/DPH9ZBMBM/
Prezervative cu inel de potenta Secura El Toro 100 buc,149,https://www.emag.ro/prezervative-cu-inel-de-potenta-secura-el-toro-100-buc-xte200051/pd/DSV6BWBBM/
Set de Prezervative Special 100 buc HT,220,https://www.emag.ro/set-de-prezervative-special-100-buc-ht-or04100120000/pd/DHGT4TMBM/
"Prezervative Durex Feel Thin Clasic, 20 Buc",105,https://www.emag.ro/prezervative-durex-feel-thin-clasic-20-buc-or04108960000/pd/D9PVYTMBM/
"Prezervative Ritex Ideal, 10 buc",27,https://www.emag.ro/prezervative-ritex-ideal-10-buc-4001669410328/pd/DN4L6KMBM/
"Prezervative Pasante Intensity, 10 bucati",20,https://www.emag.ro/prezervative-pasante-intensity-10-bucati-302/pd/DBTR9WBBM/
"Prezervative Mister Size 64mm, 10 buc",49,https://www.emag.ro/prezervative-mister-size-64mm-10-buc-or04137980000/pd/DPL77PMBM/
Prezervative transparente Secura Original 3buc/set,10,https://www.emag.ro/prezervative-transparente-secura-original-3buc-set-or04164100000/pd/DQ97DDMBM/
Prezervative durex classic red 10 bucati,14,https://www.emag.ro/prezervative-durex-classic-red-10-bucati-4002448132226/pd/DVS012MBM/
"Prezervative Durex Feel Thin, 12 buc",29,https://www.emag.ro/prezervative-durex-feel-thin-12-buc-5010232963016/pd/D1QGLBBBM/
Prezervative MY SIZE 47x10 buc,38,https://www.emag.ro/prezervative-my-size-47x10-buc-2178a/pd/D3VFBVBBM/
Prezervative MY SIZE 49 x 3 buc,16,https://www.emag.ro/prezervative-my-size-49-x-3-buc-2181a/pd/DVDJ9VBBM/
"Prezervative ultra subtiri, Mister Size, 64 mm, 1 cutie x 10 buc",50,https://www.emag.ro/prezervative-ultra-subtiri-mister-size-64-mm-1-cutie-x-10-buc-97125/pd/D47S3XMBM/
"Prezervative Asha International Euroglider, 50 bucati",88,https://www.emag.ro/prezervative-asha-international-euroglider-50-bucati-395/pd/DLJJ1MMBM/
"Prezervative Durex Pleasure Me, 10buc",60,https://www.emag.ro/prezervative-durex-pleasure-me-10buc-or04300210000/pd/DPK2ZXMBM/
"Prezervative Ritex Delay, 3 buc",12,https://www.emag.ro/prezervative-ritex-delay-3-buc-4001669185134/pd/D6VL6KMBM/
"Prezervative LifeStyles Ribbed, 12 buc",28,https://www.emag.ro/prezervative-lifestyles-ribbed-12-buc-5011831076497/pd/D35JT7MBM/
"Prezervative contra ejacularii precoce, Secura Good Timer Retarding, 100 bucati",158,https://www.emag.ro/prezervative-contra-ejacularii-precoce-secura-good-timer-retarding-100-bucati-416282/pd/DZTT6BMBM/
Prezervative Mister Size 53 mm 10 buc,49,https://www.emag.ro/prezervative-mister-size-53-mm-10-buc-or04137040000/pd/DW5XMPMBM/
Prezervative MY SIZE PRO 60 x10 buc,38,https://www.emag.ro/prezervative-my-size-pro-60-x10-buc-41060/pd/D8PR5PMBM/
"Prezervative Durex Feel Ultra Thin, 10 buc",41,https://www.emag.ro/prezervative-durex-feel-ultra-thin-10-buc-5052197006520/pd/DGQGLBBBM/
"Prezervative lubrifiate My Size XXL, Cutie 3 Buc",16,https://www.emag.ro/prezervative-lubrifiate-my-size-xxl-cutie-3-buc-411183/pd/DXDQG9BBM/
Prezervative MY SIZE 57 X 10 buc,38,https://www.emag.ro/prezervative-my-size-57-x-10-buc-2174a/pd/DTVFBVBBM/
"Prezervative ultra subtiri, Mister Size, 49 mm, 1 cutie x 10 buc",50,https://www.emag.ro/prezervative-ultra-subtiri-mister-size-49-mm-1-cutie-x-10-buc-97121/pd/DX7S3XMBM/
"Prezervative ultra subtiri, Mister Size, 57 mm, 1 cutie x 10 buc",50,https://www.emag.ro/prezervative-ultra-subtiri-mister-size-57-mm-1-cutie-x-10-buc-97123/pd/DS7S3XMBM/
"Prezervative lubrifiante cu reservor, colorate, set 36 bucati in cutie , Romed , Olanda",30,https://www.emag.ro/prezervative-lubrifiante-cu-reservor-colorate-set-36-bucati-in-cutie-romed-olanda-con-col/pd/D7QK67MBM/
"Prezervative Durex Extra Safe, 6 bucati",20,https://www.emag.ro/prezervative-durex-extra-safe-6-bucati-318/pd/D8Q3WBMBM/
"Prezervative EXS Hot Chocolate, 10 bucati",22,https://www.emag.ro/prezervative-exs-hot-chocolate-10-bucati-665/pd/DZC9LNMBM/
"Prezervative EXS Black Latex, 10 bucati",19,https://www.emag.ro/prezervative-exs-black-latex-10-bucati-663/pd/D2GCLKMBM/
Prezervative Secura Original Red 12 buc,36,https://www.emag.ro/prezervative-secura-original-red-12-buc-xte201225/pd/DTTM3DMBM/
"Prezervative Durex Tickle Me, 3 buc",17,https://www.emag.ro/prezervative-durex-tickle-me-3-buc-xte200801/pd/DTF1FMMBM/
Prezervative Durex Classic Natural 20 buc,92,https://www.emag.ro/prezervative-durex-classic-natural-20-buc-deniro47005/pd/DFKB5GBBM/
"Inel Vibrator de penis, Erotica Butterfly Wings",30,https://www.emag.ro/inel-vibrator-de-penis-erotica-butterfly-wings-578118/pd/DG6NF0BBM/
"Prezervative Pasante King Size, 10 bucati",23,https://www.emag.ro/prezervative-pasante-king-size-10-bucati-304/pd/DKT7JWBBM/
"Pachet Prezervative Durex Extended Pleasure, 3 buc/set +Prezervative Durex Feel Thin, 3 buc/set+ Lubrifiant Durex Play Feel 50 ml",51,https://www.emag.ro/pachet-prezervative-durex-extended-pleasure-3-buc-set-prezervative-durex-feel-thin-3-buc-set-lubrifiant-durex-play-feel-50-ml-col5135001/pd/DWDHZ5BBM/
"Prezervative London Moist, 100buc",144,https://www.emag.ro/prezervative-london-moist-100buc-or04102760000/pd/DFRMDDMBM/
"Prezervative ultra subtiri, Mister Size, 53 mm, 1 cutie x 10 buc",50,https://www.emag.ro/prezervative-ultra-subtiri-mister-size-53-mm-1-cutie-x-10-buc-97122/pd/D97S3XMBM/
"Prezervative Masculan Sensitive, 3 buc",6,https://www.emag.ro/prezervative-masculan-sensitive-3-buc-4019042000059/pd/DN536MBBM/
Prezervative AMOR Strong 3 Buc,5,https://www.emag.ro/prezervative-amor-strong-3-buc-deniro110527/pd/DHH688BBM/
"Prezervative Ritex Lust, 8 buc",24,https://www.emag.ro/prezervative-ritex-lust-8-buc-r3145/pd/D4QTK2BBM/
Prezervative Secura Original Red 24 buc,46,https://www.emag.ro/prezervative-secura-original-red-24-buc-xte201232/pd/D1NS3DMBM/
Prezervative MY SIZE 53 x 3 buc,16,https://www.emag.ro/prezervative-my-size-53-x-3-buc-2183a/pd/DDVFBVBBM/
"Prezervative LifeStyles Play, 12 buc",24,https://www.emag.ro/prezervative-lifestyles-play-12-buc-5011831093661/pd/DGRJT7MBM/
"Prezervative TUXIDO ULTRA THIN MEGA PACK, banana, 60 bucati",81,https://www.emag.ro/prezervative-tuxido-ultra-thin-mega-pack-banana-60-bucati-ut20220360/pd/DNGT8RBBM/
Prezervative Secura 50 Bucati,119,https://www.emag.ro/prezervative-secura-50-bucati-414255/pd/D5MT6BMBM/
Prezervative My Size 47 mm 3buc,15,https://www.emag.ro/prezervative-my-size-47-mm-3buc-301255-ws/pd/D2P6L5BBM/
"Prezervative Durex Extended Pleasure, 3 buc",13,https://www.emag.ro/prezervative-durex-extended-pleasure-3-buc-5038483197882/pd/DYRGLBBBM/
"Prezervative LifeStyles Play, 3 + 1 buc",8,https://www.emag.ro/prezervative-lifestyles-play-3-1-buc-5011831089961/pd/D6RJT7MBM/
"Prezervative Secura, 1000 Buc",662,https://www.emag.ro/prezervative-secura-1000-buc-415308/pd/D1XW3TMBM/
"Prezervative ultra subtiri, Mister Size, 60 mm, 1 cutie x 10 buc",50,https://www.emag.ro/prezervative-ultra-subtiri-mister-size-60-mm-1-cutie-x-10-buc-97124/pd/DV7S3XMBM/
Prezervative My Size marimea 47 mm x 36 buc,182,https://www.emag.ro/prezervative-my-size-marimea-47-mm-x-36-buc-mysize-670/pd/DR05WGBBM/
"Prezervative My Size 64, 14 cm, 1 buc",29,https://www.emag.ro/prezervative-my-size-64-14-cm-1-buc-2032/pd/DHYW65BBM/
Prezervative Ryder 3 buc,19,https://www.emag.ro/prezervative-ryder-3-buc-xte201265/pd/D97N3TMBM/
Prezervative Hex Respect XL 3 buc,69,https://www.emag.ro/prezervative-hex-respect-xl-3-buc-xte201095/pd/DX8VZ3MBM/
Prezervative Durex 3buc Feels,10,https://www.emag.ro/prezervative-durex-3buc-feels-t-299/pd/DCSZ3YMBM/
"Prezervative Ritex XXL, 3 buc",14,https://www.emag.ro/prezervative-ritex-xxl-3-buc-4001669183260/pd/D34L6KMBM/
Prezervative Durex Extra Sensitive 10 bucati,48,https://www.emag.ro/prezervative-durex-extra-sensitive-10-bucati-5052197056099/pd/DNS4VLBBM/
"Prezervative Durex Jeans, 20 buc + 4 buc gratis",58,https://www.emag.ro/prezervative-durex-jeans-20-buc-4-buc-gratis-5949031304716/pd/DFFMNHBBM/
"Prezervative LifeStyles Ultra Thin, 3 buc",9,https://www.emag.ro/prezervative-lifestyles-ultra-thin-3-buc-5011831154034/pd/DWRJT7MBM/
Prezervative London Extra Special 100buc,168,https://www.emag.ro/prezervative-london-extra-special-100buc-or04100980000/pd/DDY4T6BBM/
Prezervative Mister Size 53 mm 3 buc,23,https://www.emag.ro/prezervative-mister-size-53-mm-3-buc-or04136900000/pd/D50610MBM/
Prezervative MY SIZE PRO 49 x 10 buc,38,https://www.emag.ro/prezervative-my-size-pro-49-x-10-buc-41049/pd/DWPR5PMBM/
Prezervative My Size 49mm 3buc,19,https://www.emag.ro/prezervative-my-size-49mm-3buc-301256-ws/pd/D3P6L5BBM/
"Prezervative Pasante Warming, 5 bucati",20,https://www.emag.ro/prezervative-pasante-warming-5-bucati-316-971/pd/D8L3FQBBM/
"Prezervative Pasante Cooling, 5 bucati",20,https://www.emag.ro/prezervative-pasante-cooling-5-bucati-294-969/pd/D5L3FQBBM/
Prezervative Lelo HEX 3 buc,47,https://www.emag.ro/prezervative-lelo-hex-3-buc-df62jgbbm/pd/DF62JGBBM/
"Prezervative Love Plus Big Max, 56 mm diametrul, 3 buc",9,https://www.emag.ro/prezervative-love-plus-big-max-56-mm-diametrul-3-buc-big01/pd/DXBTN6BBM/
Prezervative My.Size 64mm 36 buc,182,https://www.emag.ro/prezervative-my-size-64mm-36-buc-411728/pd/DMV9QGBBM/
"Prezervative Skyn Original, 10 buc",36,https://www.emag.ro/prezervative-skyn-original-10-buc-5011831087370/pd/DWFB5MMBM/
"Prezervative premium My Size PRO, subtiri si rezistente, marime 45mm, 1 cutie x 10 buc",37,https://www.emag.ro/prezervative-premium-my-size-pro-subtiri-si-rezistente-marime-45mm-1-cutie-x-10-buc-d-228855/pd/DP4DGPMBM/
"Pachet Prezervative Durex Feel Thin, 3 buc/set + Lubrifiant Durex Play Saucy Strawberry 50 ml",38,https://www.emag.ro/pachet-prezervative-durex-feel-thin-3-buc-set-lubrifiant-durex-play-saucy-strawberry-50-ml-col5134998/pd/D2THZ5BBM/
Prezervative MY SIZE PRO 49 x3 buc,24,https://www.emag.ro/prezervative-my-size-pro-49-x3-buc-40349/pd/DGPR5PMBM/
Prezervative MY SIZE 69 x 3 buc,16,https://www.emag.ro/prezervative-my-size-69-x-3-buc-2197a/pd/D2JTMVBBM/
"Prezervative TUXIDO CLASSIC MEGA PACK, 60 bucati",81,https://www.emag.ro/prezervative-tuxido-classic-mega-pack-60-bucati-cl20200360/pd/DTGT8RBBM/
"Prezervative TUXIDO CLASSIC GIGA PACK, 100 bucati",125,https://www.emag.ro/prezervative-tuxido-classic-giga-pack-100-bucati-1008/pd/D3GT8RBBM/
"Prezervativ Manix Natural, 10 Buc.",93,https://www.emag.ro/prezervativ-manix-natural-10-buc-or04108100000/pd/DRN767MBM/
Prezervative aromate Love Match 144 buc,169,https://www.emag.ro/prezervative-aromate-love-match-144-buc-xte201173/pd/DZ09Z7MBM/
"Prezervative Durex cu aroma de fructe, 14 Buc",76,https://www.emag.ro/prezervative-durex-cu-aroma-de-fructe-14-buc-or04109180000/pd/DPF9NDMBM/
"Cutie Prezervativ Orgasma, Erotica, Stimulator, din Silicon cu Puncte si striatii in Relief, 1 buc",39,https://www.emag.ro/cutie-prezervativ-orgasma-erotica-stimulator-din-silicon-cu-puncte-si-striatii-in-relief-1-buc-7690/pd/D31P82MBM/
"Prezervative Skyn Extra, 10 buc",37,https://www.emag.ro/prezervative-skyn-extra-10-buc-5011831089268/pd/D6FB5MMBM/
"Prezervative Durex Pleasure Me, 3 buc",8,https://www.emag.ro/prezervative-durex-pleasure-me-3-buc-5038483238271/pd/DDRGLBBBM/
"Set Prezervative Durex Extra Safe 2x18, 36 bucati",124,https://www.emag.ro/set-prezervative-durex-extra-safe-2x18-36-bucati-dur2x18extrasafe/pd/DGJY5QBBM/
Prezervative Secura Ultra Thin Natural Feeling 24 buc,39,https://www.emag.ro/prezervative-secura-ultra-thin-natural-feeling-24-buc-xte201097/pd/DZGWS3MBM/
"Prezervative Pasante Glow, 10 bucati",38,https://www.emag.ro/prezervative-pasante-glow-10-bucati-766/pd/DJ9FCXMBM/
Prezervative Durex Featherlite Ultra Thin 30 bucati,139,https://www.emag.ro/prezervative-durex-featherlite-ultra-thin-30-bucati-323/pd/DWWLB8BBM/
"Prezervative Ritex Ideal, 3 buc",9,https://www.emag.ro/prezervative-ritex-ideal-3-buc-4001669183222/pd/DK4L6KMBM/
Prezervative Secura Big Boy 60 mm 24 buc,38,https://www.emag.ro/prezervative-secura-big-boy-60-mm-24-buc-xpsec02/pd/DQZ6X5BBM/
Prezervative Secura Pocket Rocket 49 mm 24 buc,45,https://www.emag.ro/prezervative-secura-pocket-rocket-49-mm-24-buc-xpsec01/pd/DZZ6X5BBM/
"Prezervative Durex Feel Thin, 3 buc",23,https://www.emag.ro/prezervative-durex-feel-thin-3-buc-xte201499/pd/DN0SNHMBM/
"Prezervative Ritex Extra Thin, 8 buc",22,https://www.emag.ro/prezervative-ritex-extra-thin-8-buc-4001669418041/pd/D24L6KMBM/
"Set Pachet Durex Feel Thin XXL 2x10 prezervative, Lubrifiant Perfect Glide 50 ml",173,https://www.emag.ro/set-pachet-durex-feel-thin-xxl-2x10-prezervative-lubrifiant-perfect-glide-50-ml-dur3x2xxlglide/pd/DCNQH6BBM/
"Prezervative Durex Fetherlite Elite, 12 Buc",25,https://www.emag.ro/prezervative-durex-fetherlite-elite-12-buc-gc-durexfetherliteelite-12/pd/D22G5NMBM/
"Prezervative Ritex RR1, 3 buc",9,https://www.emag.ro/prezervative-ritex-rr1-3-buc-4001669183215/pd/DD4L6KMBM/
"Prezervative Durex Fetherlite, 3 bucati",10,https://www.emag.ro/prezervative-durex-fetherlite-3-bucati-5010232953994/pd/DQ8P13BBM/
"Set Prezervative Durex Feel Thin 2x18, 36 bucati",147,https://www.emag.ro/set-prezervative-durex-feel-thin-2x18-36-bucati-dur2x18feelthin/pd/D02TRQBBM/
"Prezervative Pasante Adore Ribbed, 10 bucati",20,https://www.emag.ro/prezervative-pasante-adore-ribbed-10-bucati-290/pd/D1DR9WBBM/
"Prezervative EXS Magnum, 10 bucati",22,https://www.emag.ro/prezervative-exs-magnum-10-bucati-680/pd/D2C9LNMBM/
"Prezervative ultra subtiri, Mister Size, 60 mm, 1 cutie x 3 buc",25,https://www.emag.ro/prezervative-ultra-subtiri-mister-size-60-mm-1-cutie-x-3-buc-97114/pd/D07S3XMBM/
"Prezervative Femei, Sheer Glyde Dams, Fructe de padure, 4 buc",59,https://www.emag.ro/prezervative-femei-sheer-glyde-dams-fructe-de-padure-4-buc-4267/pd/DQLKDHMBM/
Prezervative Secura Black Pearl 52 mm 12 buc,36,https://www.emag.ro/prezervative-secura-black-pearl-52-mm-12-buc-xpsec06/pd/D6Z6X5BBM/
"Prezervativ My Size 69, 15 cm, 1 buc",29,https://www.emag.ro/prezervativ-my-size-69-15-cm-1-buc-2033/pd/DPYW65BBM/
"Prezervativ Vitalis Premium Super thin , 12 buc",15,https://www.emag.ro/prezervativ-vitalis-premium-super-thin-12-buc-5698a/pd/DKQF2BMBM/
Prezervative transparente Secura Original 100 buc/set,101,https://www.emag.ro/prezervative-transparente-secura-original-100-buc-set-416223/pd/DDD02KMBM/
"Prezervative LifeStyles Ultra Thin, 12 + 4 buc",28,https://www.emag.ro/prezervative-lifestyles-ultra-thin-12-4-buc-5011831089992/pd/DM5JT7MBM/
"Prezervative Durex Fetherlite Elite, 3 bucati",9,https://www.emag.ro/prezervative-durex-fetherlite-elite-3-bucati-32507/pd/DZGQ09BBM/
"Prezervativ EGZO reliefat Soft Bee's Knees , Alb/Verde",19,https://www.emag.ro/prezervativ-egzo-reliefat-soft-bee-s-knees-alb-verde-2542/pd/DPXTG3MBM/
Prezervative contra ejacularii precoce Secura Good Timer Retarding 12 buc,35,https://www.emag.ro/prezervative-contra-ejacularii-precoce-secura-good-timer-retarding-12-buc-18591-w/pd/DWQ4KCBBM/
"Prezervative Pasante Super King Size, 10 bucati",25,https://www.emag.ro/prezervative-pasante-super-king-size-10-bucati-312/pd/D6DR9WBBM/
"Set Pachet Durex Feel Thin XXL 10 prezervative, Lubrifiant Play Feel 50 ml",77,https://www.emag.ro/set-pachet-durex-feel-thin-xxl-10-prezervative-lubrifiant-play-feel-50-ml-dur2xxxlfeel/pd/DJNQH6BBM/
Prezervative Secura Big Boy 60 mm 12 buc,35,https://www.emag.ro/prezervative-secura-big-boy-60-mm-12-buc-xpsec05/pd/D5Z6X5BBM/
"Prezervative Pasante Sensitive, 50 bucati",106,https://www.emag.ro/prezervative-pasante-sensitive-50-bucati-pstxtrsens50/pd/DLDGFSBBM/
"Prezervativ My Size 60, 1 buc",29,https://www.emag.ro/prezervativ-my-size-60-1-buc-2031/pd/D0YW65BBM/
"Prezervative stimulante Love Match Stimolante, 6 buc",20,https://www.emag.ro/prezervative-stimulante-love-match-stimolante-6-buc-8253/pd/DXTX1HMBM/
"Prezervative Durex Emoji Pleasure Me, 12 buc",39,https://www.emag.ro/prezervative-durex-emoji-pleasure-me-12-buc-5038483193051/pd/DQQGLBBBM/
Prezervative MY SIZE 64 x 3 buc,16,https://www.emag.ro/prezervative-my-size-64-x-3-buc-2188a/pd/DHVFBVBBM/
"Pachet Prezervative Durex B close, 3 buc/set + Prezervative Durex Feel Thin, 3 buc/set + Prezervative Durex Clasic, 3 buc/set",37,https://www.emag.ro/pachet-prezervative-durex-b-close-3-buc-set-prezervative-durex-feel-thin-3-buc-set-prezervative-durex-clasic-3-buc-set-col5134996/pd/DYTHZ5BBM/
"Prezervativ stimulator, GMO, Tenga Egg Wavy",140,https://www.emag.ro/prezervativ-stimulator-gmo-tenga-egg-wavy-tengaeggwavy/pd/DQ9D9XMBM/
"Prezervative Pasante Delay Infinity, 50 bucati",121,https://www.emag.ro/prezervative-pasante-delay-infinity-50-bucati-pstdly50/pd/DZDGFSBBM/
"Prezervativ My Size 47, 16 cm, 1 buc",29,https://www.emag.ro/prezervativ-my-size-47-16-cm-1-buc-2034/pd/DXYW65BBM/
"Prezervative Durex Surprise Me, 40 bucati",127,https://www.emag.ro/prezervative-durex-surprise-me-40-bucati-671/pd/D62QG0MBM/
"Prezervative Durex Feel Thin, 3 buc",8,https://www.emag.ro/prezervative-durex-feel-thin-3-buc-5010232967489/pd/D2RGLBBBM/
"Prezervative LifeStyles Variety, 12 buc",28,https://www.emag.ro/prezervative-lifestyles-variety-12-buc-5011831080814/pd/DY5JT7MBM/
"Prezervative Durex Basic, 10 bucati",32,https://www.emag.ro/prezervative-durex-basic-10-bucati-530/pd/DGMMXHMBM/
"Prezervative Pasante Sensitive, 10 bucati",22,https://www.emag.ro/prezervative-pasante-sensitive-10-bucati-310/pd/D5DR9WBBM/
"Prezervativ HEX Original, 1 buc",16,https://www.emag.ro/prezervativ-hex-original-1-buc-2015/pd/DFYW65BBM/
"Prezervative Durex Feel Intimate, 12 buc",41,https://www.emag.ro/prezervative-durex-feel-intimate-12-buc-5010232964617/pd/DLQGLBBBM/
"Prezervative Fosforescente Amor Neon, 2 Buc.",14,https://www.emag.ro/prezervative-fosforescente-amor-neon-2-buc-500372/pd/D86NF0BBM/
"Pachet Prezervative Playboy Clasic, 3 buc/set + Lubrifiant Durex Play Saucy Strawberry 50 ml",31,https://www.emag.ro/pachet-prezervative-playboy-clasic-3-buc-set-lubrifiant-durex-play-saucy-strawberry-50-ml-col5134995/pd/DWJD15BBM/
"Set Prezervative Durex London Condoms Red, 50 bucati",90,https://www.emag.ro/set-prezervative-durex-london-condoms-red-50-bucati-eq12046/pd/D5TTTZBBM/
Prezervative Recare Premium Caramel Delay 12 buc,9,https://www.emag.ro/prezervative-recare-premium-caramel-delay-12-buc-recare1/pd/DSXMLGBBM/
Prezervative Amor Wild Love 3 buc/set,12,https://www.emag.ro/prezervative-amor-wild-love-3-buc-set-xte200129/pd/DKW9LWBBM/
Prezervative My Size 53mm 3buc,19,https://www.emag.ro/prezervative-my-size-53mm-3buc-301257-ws/pd/DSTHZ5BBM/
"Prezervative Durex Arouser , 12 bucati",38,https://www.emag.ro/prezervative-durex-arouser-12-bucati-gc-durexarouser-12/pd/D7RV6NMBM/
Prezervative MY SIZE 64 x10 buc,38,https://www.emag.ro/prezervative-my-size-64-x10-buc-2187a/pd/D0VFBVBBM/
"Prezervative lubrifiante cu reservor, cu arome, set 36 bucati in cutie , Romed , Olanda",30,https://www.emag.ro/prezervative-lubrifiante-cu-reservor-cu-arome-set-36-bucati-in-cutie-romed-olanda-con-fla/pd/D2QK67MBM/
"Set Prezervative Durex Slim Fit 10 bucati, Durex XXL 10 bucati",107,https://www.emag.ro/set-prezervative-durex-slim-fit-10-bucati-durex-xxl-10-bucati-dur2xslimxxl/pd/DL0F06BBM/
"Set Prezervative Durex Feel Thin XXL 2x10, 20 bucati",131,https://www.emag.ro/set-prezervative-durex-feel-thin-xxl-2x10-20-bucati-dur2xxxl/pd/DJ0F06BBM/
"Set Prezervative Durex Invisible Extra Sensitive 3x10, 30 bucati",176,https://www.emag.ro/set-prezervative-durex-invisible-extra-sensitive-3x10-30-bucati-dur3xinvsens/pd/DZ66J5BBM/
"Prezervative Skyn Extra, 3 buc",14,https://www.emag.ro/prezervative-skyn-extra-3-buc-5011831087462/pd/D8FB5MMBM/
"Prezervative London cu aroma de capsune, 100 buc.",175,https://www.emag.ro/prezervative-london-cu-aroma-de-capsune-100-buc-or04109260000/pd/D9RMDDMBM/
"Prezervative LifeStyles Ultra Thin, 12 buc",28,https://www.emag.ro/prezervative-lifestyles-ultra-thin-12-buc-5011831076442/pd/DB5JT7MBM/
Prezervative Secura El Toro 24buc,46,https://www.emag.ro/prezervative-secura-el-toro-24buc-deniro24429/pd/D3BZB8BBM/
"Set Pachet Durex 10 prezervative Extra Sensitive, lubrifiant Durex Play Feel 50 ml",101,https://www.emag.ro/set-pachet-durex-10-prezervative-extra-sensitive-lubrifiant-durex-play-feel-50-ml-dur2xinvsensgelplay/pd/DR66J5BBM/
"Set Prezervative Durex Invisible Extra Sensitive 2x10, 20 bucati",132,https://www.emag.ro/set-prezervative-durex-invisible-extra-sensitive-2x10-20-bucati-dur2xinvsens/pd/DC66J5BBM/
"Prezervative Durex Slim Fit, 30 buc, Cutie Discreta",111,https://www.emag.ro/prezervative-durex-slim-fit-30-buc-cutie-discreta-5949031350270/pd/DSRPX2MBM/
"Prezervative MAGNUM RIBBED, 12 buc",36,https://www.emag.ro/prezervative-magnum-ribbed-12-buc-505752/pd/DJS012MBM/
"Prezervative Femei, Sheer Glyde Dams, Cola, 4 buc",59,https://www.emag.ro/prezervative-femei-sheer-glyde-dams-cola-4-buc-4266/pd/DRLKDHMBM/
"Prezervative Vitalis Premium X-Large, 12 buc",15,https://www.emag.ro/prezervative-vitalis-premium-x-large-12-buc-5702a/pd/DS55FBMBM/
"Set Pachet Durex Slim Fit 10 prezervative, Lubrifiant Perfect Glide 50 ml",107,https://www.emag.ro/set-pachet-durex-slim-fit-10-prezervative-lubrifiant-perfect-glide-50-ml-dur2xslimglide/pd/DVNQH6BBM/
"Prezervative Skyn Elite, 3 buc",15,https://www.emag.ro/prezervative-skyn-elite-3-buc-5011831091049/pd/D5FB5MMBM/
"Prezervative Durex Fetherlite Ultra Thin, 3 buc",17,https://www.emag.ro/prezervative-durex-fetherlite-ultra-thin-3-buc-32509/pd/DQGQ09BBM/
"Set Prezervative Durex Slim Fit 3x10, 30 bucati",197,https://www.emag.ro/set-prezervative-durex-slim-fit-3x10-30-bucati-dur3xslim/pd/DFNQH6BBM/
"Prezervative Durex Feel Thin XXL, 30 buc, Cutie Discreta",111,https://www.emag.ro/prezervative-durex-feel-thin-xxl-30-buc-cutie-discreta-5949031350287/pd/DJRPX2MBM/
"Prezervative premium My Size PRO, subtiri si rezistente, marime 47mm, 1 cutie x 3 buc",25,https://www.emag.ro/prezervative-premium-my-size-pro-subtiri-si-rezistente-marime-47mm-1-cutie-x-3-buc-d-228857/pd/DX4DGPMBM/
"Set Pachet Durex Feel Thin XXL 10 prezervative, Lubrifiant Perfect Glide 50 ml",107,https://www.emag.ro/set-pachet-durex-feel-thin-xxl-10-prezervative-lubrifiant-perfect-glide-50-ml-dur2xxxlglide/pd/DSNQH6BBM/
Prezervative contra ejacularii precoce Secura Good Timer Retarding 3 buc,14,https://www.emag.ro/prezervative-contra-ejacularii-precoce-secura-good-timer-retarding-3-buc-18590-w/pd/D8Q4KCBBM/
"Prezervative,unidus,clasic,3buc",3,https://www.emag.ro/prezervative-unidus-clasic-3buc-prezervative01/pd/DX1NQXMBM/
"Set Pachet Durex Slim Fit 10 prezervative, Lubrifiant Play Feel 50 ml",91,https://www.emag.ro/set-pachet-durex-slim-fit-10-prezervative-lubrifiant-play-feel-50-ml-dur2xslimfeel/pd/D4NQH6BBM/
"Cutie Prezervativ Tauro, Erotica, Stimulator, din Silicon cu Puncte in Relief, 1 buc",39,https://www.emag.ro/cutie-prezervativ-tauro-erotica-stimulator-din-silicon-cu-puncte-in-relief-1-buc-802847/pd/D71P82MBM/
"Prezervative Vitalis Premium Sensation, 3 buc",5,https://www.emag.ro/prezervative-vitalis-premium-sensation-3-buc-5699a/pd/DV55FBMBM/
Prezervative Recare Cola 3 buc,8,https://www.emag.ro/prezervative-recare-cola-3-buc-rec1245/pd/D1R739MBM/
Pachet Promo Durex: 4 x Prezervativele Durex Intense 10buc,164,https://www.emag.ro/pachet-promo-durex-4-x-prezervativele-durex-intense-10buc-5997321772837/pd/DFGCS1BBM/
"Set Prezervative Durex Fun Mix 24, 24 bucati",88,https://www.emag.ro/set-prezervative-durex-fun-mix-24-24-bucati-761/pd/D2K2ZXMBM/
Prezervative Amor Hot Moments 3buc,14,https://www.emag.ro/prezervative-amor-hot-moments-3buc-deniro4462/pd/DMS53CBBM/
Prezervative MY SIZE 60 x10 buc,38,https://www.emag.ro/prezervative-my-size-60-x10-buc-2186a/pd/DNVFBVBBM/
"Prezervative Vitalis Premium Natural, 3 buc",5,https://www.emag.ro/prezervative-vitalis-premium-natural-3-buc-5703a/pd/DC55FBMBM/
"Set Prezervative Durex Slim Fit 2x10, 20 bucati",52,https://www.emag.ro/set-prezervative-durex-slim-fit-2x10-20-bucati-dur2xslim/pd/DF0F06BBM/
Prezervative lubrifiante cu reservor 144 buc,66,https://www.emag.ro/prezervative-lubrifiante-cu-reservor-144-buc-3/pd/DW7FSMMBM/
"Prezervative Durex Mutual Pleasure, 10 buc",48,https://www.emag.ro/prezervative-durex-mutual-pleasure-10-buc-5052197016529/pd/D6QGLBBBM/
Prezervative Durex Mutual Pleasure 10 bucati,47,https://www.emag.ro/prezervative-durex-mutual-pleasure-10-bucati-5052197017328/pd/DKS4VLBBM/
"Cutie prezervativ Best Seller, Erotica, latex, fara aroma, 1 bucata",29,https://www.emag.ro/cutie-prezervativ-best-seller-erotica-latex-fara-aroma-1-bucata-800654/pd/DZ36Z2MBM/
"Prezervative Durex Performax Intense, 6 bucati",23,https://www.emag.ro/prezervative-durex-performax-intense-6-bucati-cc00056/pd/DFFLS3MBM/
"Prezervative Trojan Double Ecstasy, 10 buc",31,https://www.emag.ro/prezervative-trojan-double-ecstasy-10-buc-505749/pd/DFS012MBM/
